,offset_ms,offset_sec,frame_idx,text
0,0,0.0,0,m.
1,0,0.0,0,school or watch nba?HAHA
2,0,0.0,0,やいっやいっ
3,0,0.0,0,lakers in 6
4,0,0.0,0,vamos mi LAkers
5,0,0.0,0,LeBron Or Steph?
6,0,0.0,0,Lebron
7,0,0.0,0,lebron james
8,0,0.0,0,hi guys
9,0,0.0,0,lebron James
10,0,0.0,0,curry vs lebron
11,0,0.0,0,hello @ unaiHAK4
12,0,0.0,0,BFF a play in game is not a classic
13,0,0.0,0,hope GS wins
14,0,0.0,0,same
15,0,0.0,0,hello
16,0,0.0,0,cause GS lose in game 1
17,0,0.0,0,hello
18,0,0.0,0,hello
19,0,0.0,0,we love GS right
20,0,0.0,0,hi
21,0,0.0,0,lakars. we love right
22,0,0.0,0,Great game let's Bron! AD
23,0,0.0,0,*go
24,0,0.0,0,ummm idk no subcribe if you love GS or like if you love LAL
25,0,0.0,0,Love both teams but Bron my guy!
26,0,0.0,0,true
27,0,0.0,0,we are Lakers
28,0,0.0,0,but i dont know whos better
29,0,0.0,0,yeah everthing are both goat
30,0,0.0,0,lakars
31,0,0.0,0,uuhhhh
32,0,0.0,0,may ido LBJ
33,0,0.0,0,Let's Go WARRIORS
34,0,0.0,0,hey @ arjayrbarros who is better
35,0,0.0,0,lakars
36,0,0.0,0,ok
37,0,0.0,0,OH MY GOD LEBRON
38,0,0.0,0,i hope warriors win game 2 and 3 or else where screwed
39,0,0.0,0,lets make lakers to Golden state as a golden lakers
40,0,0.0,0,i have a feeling the lakers won this game
41,1312,1.312,39,Warriors
42,3048,3.048,91,This is game 2 guys
43,3997,3.997,119,hehe
44,5052,5.052,151,lets goo
45,5388,5.388,161,warriors
46,5416,5.416,162,warriors win
47,8395,8.395,251,9
48,9174,9.174,275,This isgame 2 guys
49,9522,9.522,285,8
50,10382,10.382,311,7
51,11120,11.12,333,warrioors win
52,11625,11.625,348,5
53,12117,12.117,363,this is literally from 2 years ago
54,12207,12.207,366,4
55,12927,12.927,387,3
56,13037,13.037,391,lesgo
57,13655,13.655,409,6
58,13690,13.69,410,ok ok
59,14083,14.083,422,5
60,14204,14.204,426,2
61,14399,14.399,431,baka dito manalo naman sana GO gsw..
62,14508,14.508,435,2021
63,15293,15.293,458,1
64,15933,15.933,477,lakars wun
65,16733,16.733,501,im betting anyone $100 Warriors win
66,18322,18.322,549,GS will win
67,21034,21.034,631,warriors
68,21272,21.272,638,this is from 2 years ago
69,21482,21.482,644,naahhh warriors
70,31187,31.187,935,curry
71,32910,32.91,987,lakars win
72,39557,39.557,1186,let's go warriors
73,48548,48.548,1456,Yessssssssss CURRY
74,52679,52.679,1580,lakers
75,54967,54.967,1649,worriors
76,55991,55.991,1679,lakerss
77,60274,60.274,1808,uuuff
78,63920,63.92,1917,lakers
79,69089,69.089,2072,goo GS
80,73234,73.234,2197,Never had watched one of these games from years ago live
81,78667,78.667,2360,yeessss
82,89705,89.705,2691,LEBRON FOR THE WINNN
83,89992,89.992,2699,AD IS A BRICK
84,93654,93.654,2809,lebron better
85,96761,96.761,2902,get a dub
86,98904,98.904,2967,yes
87,103922,103.922,3117,my bro
88,106725,106.725,3201,I'm betting $250 warriors win
89,110009,110.009,3300,lebron
90,118086,118.086,3542,goo GS
91,119016,119.016,3570,GREEEEENNNNNN
92,120622,120.622,3618,remember when Jordan Poole saw-
93,133567,133.567,4007,go warriors
94,143494,143.494,4304,1000$
95,153140,153.14,4594,Letsssss goooo
96,155010,155.01,4650,for warriors
97,162655,162.655,4879,letssss gooo
98,172426,172.426,5172,$100 on warriors losing by 3
99,179824,179.824,5394,GOAT - Michael Jordan
100,181657,181.657,5449,yes
101,186803,186.803,5604,Jordan aways rizzing up them baddies
102,200332,200.332,6009,another 100 on both teams getting double digits
103,201086,201.086,6032,1000$ for GS
104,201103,201.103,6033,yb better
105,206390,206.39,6191,supporting lakers
106,210002,210.002,6300,wtf drummond
107,217977,217.977,6539,you lose
108,220614,220.614,6618,i hope lakers win the championship
109,223404,223.404,6702,lakers win by 3 btw
110,235617,235.617,7068,GS free
111,236025,236.025,7080,why is this from 2021
112,239854,239.854,7195,ma
113,248774,248.774,7463,Happy Thursday
114,260981,260.981,7829,ooohh too close
115,262844,262.844,7885,TODAY GS WIN
116,263211,263.211,7896,i think curry is better than lebron
117,268639,268.639,8059,lakers in 4
118,284204,284.204,8526,gs in 4
119,285987,285.987,8579,yeeaah 3 point
120,299108,299.108,8973,GS 4 : LAL 2 maybe
121,300814,300.814,9024,gs wins close game tho
122,308770,308.77,9263,If you still dont know this is just a rerun of the play in game from 2021...
123,310433,310.433,9312,If you still dont know this is just a rerun of the play in game from 2021...
124,314910,314.91,9447,If you still dont know this is just a rerun of the play in game from 2021...
125,314959,314.959,9448,W lakers
126,321302,321.302,9639,curry the goat
127,330629,330.629,9918,S CURRY 50PTS 가즈아!!
128,332656,332.656,9979,Curry is a bum
129,333043,333.043,9991,LAL in 5
130,340123,340.123,10203,@Lake Tahoe skiing adventures wdy mean warriors in 4?!?!
131,341748,341.748,10252,curry needs to retire already
132,348617,348.617,10458,lol
133,359445,359.445,10783,Buddy is like 35
134,371686,371.686,11150,curry goat ???
135,373147,373.147,11194,umm i think GS wins cause they are both strong like cool
136,384417,384.417,11532,i think lebron needs to retire
137,395568,395.568,11867,Lebron is better currently and all time
138,401046,401.046,12031,curry i support you
139,406854,406.854,12205,go GS
140,414982,414.982,12449,Golden state finna lose
141,416955,416.955,12508,onb
142,417032,417.032,12510,me too
143,419115,419.115,12573,agree
144,423780,423.78,12713,@mahomes 15 as he airballs lmao
145,439833,439.833,13194,hi
146,440162,440.162,13204,;
147,441238,441.238,13237,@mahomes 15 put some money on it
148,449434,449.434,13483,pro GS
149,452674,452.674,13580,Warriors won championship after this season
150,452793,452.793,13583,curry younger than lebron
151,457061,457.061,13711,@Dallas Fleury this was last year goofy
152,466041,466.041,13981,go GS please
153,472361,472.361,14170,Then why you being goofy saying GS wins
154,474574,474.574,14237,oohh
155,475978,475.978,14279,@Dallas Fleury I don’t bet because when i win i neva get my money
156,478649,478.649,14359,u can steam
157,502955,502.955,15088,The warriors old
158,519604,519.604,15588,bullseye
159,528919,528.919,15867,they need to trade curry klay and green already
160,529997,529.997,15899,Lmao AD gets hurt this game and the lakers fall apart
161,543601,543.601,16308,What time is it in San Francisco now?
162,546287,546.287,16388,nada que ver esos lakers vs los actuales
163,554823,554.823,16644,It don’t matter cuz the lakers finna win the series this year
164,557019,557.019,16710,emagine they are both win tie atleast they are nice and strong
165,564387,564.387,16931,lebron better all time and currently
166,570042,570.042,17101,yall too scared to admit it
167,572536,572.536,17176,maybe the series but I dont think they get past the nuggets
168,574934,574.934,17248,I like james
169,581060,581.06,17431,GO LEBRON
170,586577,586.577,17597,9:09am
171,588677,588.677,17660,LeBron vs Curry
172,591803,591.803,17754,@mahomes 15 better than who? Curry?
173,592271,592.271,17768,nice
174,617097,617.097,18512,@wes Allard thanks
175,626338,626.338,18790,warriors in 6
176,626854,626.854,18805,record
177,628579,628.579,18857,lebrons bad
178,640183,640.183,19205,lakers in 4
179,640359,640.359,19210,yes
180,643897,643.897,19316,lakers will beat tf outta the nuggets
181,648491,648.491,19454,Oh I agree James is better than curry for sure all time
182,651614,651.614,19548,this game is so heartbreaking for warrior fans
183,654673,654.673,19640,15-9
184,658219,658.219,19746,good combination
185,658952,658.952,19768,and currently
186,661780,661.78,19853,lebron official dad of steph
187,666620,666.62,19998,Kobe is better than Lebron
188,672951,672.951,20188,This was a good game.. and pretty much a must win situation. Definitely a classic
189,674945,674.945,20248,no hes not
190,676685,676.685,20300,go curry
191,686203,686.203,20586,yes
192,688086,688.086,20642,Curry is better than Lebron
193,690157,690.157,20704,what is this?
194,693843,693.843,20815,Covid era
195,695183,695.183,20855,lebron>Jordan>Kobe
196,697928,697.928,20937,This gsw jersey was awesome
197,699890,699.89,20996,ah a replay?
198,702570,702.57,21077,true K
199,706786,706.786,21203,Lebron the greatest of all time
200,710957,710.957,21328,@Siddharth false
201,710973,710.973,21329,kobe>>>>>>>>>>>>>>
202,713811,713.811,21414,Warriors in 5
203,715053,715.053,21451,kobe just chucked up shots
204,716556,716.556,21496,nice GS
205,725237,725.237,21757,Place a bet then
206,726242,726.242,21787,LOL leankle
207,728718,728.718,21861,Stop hating on the warriors Lebron only has 4 rings just like curry quit hating hater fans I mean Laker
208,730272,730.272,21908,lebron
209,735051,735.051,22051,LEANKLE
210,736997,736.997,22109,Damn solomin hill
211,738418,738.418,22152,Jordan >>>>>>>>>>>>lebron
212,754520,754.52,22635,Go Warriors
213,754672,754.672,22640,ok 10+
214,757171,757.171,22715,Solomon hill did nothing wrong
215,758687,758.687,22760,lebron i rate 9/10 but GS 10/10
216,767209,767.209,23016,lakers ako jan
217,777744,777.744,23332,Lebron carried by AD
218,784743,784.743,23542,Curry no defense lol. without Kd curry is just another bum
219,788028,788.028,23640,agree
220,801242,801.242,24037,lebron goat
221,802017,802.017,24060,Anyone who has to chase rings by going to other teams will never bet he G.O.A.T ... just the best scorer
222,807959,807.959,24238,@Siddharth onb
223,809297,809.297,24278,curry won a finals mvp btw
224,810232,810.232,24306,be*
225,811895,811.895,24356,@siddharth Same can be said about the current Lebron
226,812082,812.082,24362,CORUSOGOD
227,821433,821.433,24642,curry was carried by kid
228,822736,822.736,24682,kd
229,826134,826.134,24784,im literally no have idea what is better like they are strong both of them like what the hell
230,828877,828.877,24866,Westbrick
231,831748,831.748,24952,lebron is 39 what ate u expecting lol
232,837430,837.43,25122,Lebron is carrier by AD
233,841578,841.578,25247,carrier*
234,842703,842.703,25281,Lebron can’t get 6 rings u haters bums they make more $$ foo
235,845707,845.707,25371,carried*
236,847759,847.759,25432,at least he played in his era
237,854463,854.463,25633,unlike curry
238,864012,864.012,25920,Lebron is 39 and still the best player on his team
239,868100,868.1,26043,curry washed ash
240,868972,868.972,26069,@ visiOn_ who is better
241,870740,870.74,26122,check the stats
242,874645,874.645,26239,z
243,875015,875.015,26250,warriors are bums
244,880872,880.872,26426,How many rings you think Jordan and Lebron would have gotten if they played together?
245,881248,881.248,26437,AD is clearly better than LBJ
246,881654,881.654,26449,good defense Draymond
247,888284,888.284,26648,they finna lose this series to the lakers and then they’ll trade everyone
248,892724,892.724,26781,lakers kami jan
249,894278,894.278,26828,curry is going to win the series
250,905302,905.302,27159,Draymond Green IS the GOAT
251,912254,912.254,27367,curry is a bum haha
252,912811,912.811,27384,lebron one more title and FMVP to come
253,915940,915.94,27478,yall say anything
254,922702,922.702,27681,@To their playing in the playoffs this year
255,924372,924.372,27731,yall be doing the most
256,927496,927.496,27824,onb
257,939261,939.261,28177,Lakers in 6
258,943748,943.748,28312,warriors are going to beat the lakers
259,945428,945.428,28362,without curry the warriors are nothing
260,947329,947.329,28419,"If Curry wins the series, he's officially better than LeBron"
261,948550,948.55,28456,lebron one more title and FMVP to come
262,948932,948.932,28467,No way
263,950167,950.167,28505,@mahomes 15 r u a warriors hater like me?
264,954478,954.478,28634,kala ko live reply pala hahahaha
265,958375,958.375,28751,Haters
266,958447,958.447,28753,warriors barely good this year
267,967689,967.689,29030,hi
268,969387,969.387,29081,Exactly
269,970748,970.748,29122,@Sam Jordan that wont happen
270,977369,977.369,29321,I love Jimmy Butler these days
271,978216,978.216,29346,Lakers in 10 place
272,982376,982.376,29471,@Sam Jordan that wont happen goofy
273,989637,989.637,29689,Warriors
274,998374,998.374,29951,who is better bro
275,999092,999.092,29972,Warriors finna lose to a play in team
276,1000098,1000.098,30002,warriors have thompson wiggins draymond poole they can still win without curry
277,1009905,1009.905,30297,lebron one more title and FMVP to come
278,1020039,1020.039,30601,thompson and draymond are old
279,1020424,1020.424,30612,Klay is washed    cry about it
280,1027144,1027.144,30814,jordan Poole is a bum
281,1028385,1028.385,30851,So is curry
282,1033587,1033.587,31007,lebron is old
283,1036399,1036.399,31091,@siddharth it likely won't because AD is insane but we'll see
284,1039353,1039.353,31180,@shayaanshah onb
285,1040216,1040.216,31206,GS will never lose this time please
286,1042915,1042.915,31287,and Lebron still good
287,1044140,1044.14,31324,klay and dray are the biggest jokers
288,1045375,1045.375,31361,No klay not washed
289,1048665,1048.665,31459,davis without lebron is nothing
290,1050519,1050.519,31515,And lebron solos the trash warriors
291,1053918,1053.918,31617,klay washed ash
292,1070844,1070.844,32125,Bro has a fortnite pfp
293,1071384,1071.384,32141,Lebron without AD wouldn't even make the playoffs
294,1071514,1071.514,32145,damn AD taking the technical free throw. a lot has changed.
295,1078861,1078.861,32365,Lebron old but still better than curry maybe a little worse
296,1079851,1079.851,32395,emagine lakers will win and they will lose
297,1100279,1100.279,33008,Foo u don’t know nothing your a hater will see warriors will win tonight u see Lebron is washed he needs too much help haters they can barely beat the warriors haters check it haters
298,1101582,1101.582,33047,warriors are going to win this series
299,1103532,1103.532,33105,go GS
300,1104824,1104.824,33144,Lakers one 3 outta 4 games against the warriors this season
301,1107896,1107.896,33236,its wraps
302,1114592,1114.592,33437,damn caruso still on the lakers nice
303,1119232,1119.232,33576,bro doesnt even have a pf
304,1119920,1119.92,33597,Jayson Tatum
305,1124878,1124.878,33746,curry is better
306,1127785,1127.785,33833,This feels so long ago even tho it wasnt
307,1129782,1129.782,33893,lebron at 99woulf still be better than Young Steph
308,1135070,1135.07,34052,@To stfu u just found out the warriors and lakers are playing in the playoffs this year
309,1137198,1137.198,34115,brodie got a marshmallow pfp
310,1139782,1139.782,34193,looks like interesting
311,1146610,1146.61,34398,Montrez in a laker uniform looks odd
312,1148254,1148.254,34447,@mahomes 15 ur a w ong
313,1163394,1163.394,34901,bro doesnt even have a pfp
314,1167131,1167.131,35013,oohh nice curry
315,1167264,1167.264,35017,@shayaanshah onb you too
316,1169607,1169.607,35088,@Norman Otterman BRO I KNOW YOU FROM DISCORD
317,1173939,1173.939,35218,YOU 16
318,1176713,1176.713,35301,Brodie yo name kirjol
319,1177266,1177.266,35317,who won this game
320,1180528,1180.528,35415,Curry with the fresh cut
321,1182505,1182.505,35475,those warriors unis were tufff
322,1183098,1183.098,35492,i got more money then you
323,1184184,1184.184,35525,AD is the best player on the planet
324,1186109,1186.109,35583,who got a parlay for this second half?
325,1189154,1189.154,35674,you can’t go band for band
326,1193477,1193.477,35804,warriors are going to win in game 7
327,1203719,1203.719,36111,@ mahomes 15 who you like LAL or GS
328,1210825,1210.825,36324,lakers finna sweep the warriors so you’re wrong
329,1212654,1212.654,36379,Where’s courtside baddies boy
330,1213966,1213.966,36418,lakers in 4
331,1215323,1215.323,36459,krijol game 2 hasn’t even happened
332,1221927,1221.927,36657,Where’s lebron?
333,1225903,1225.903,36777,jordan Poole is a bum on my brothers
334,1229609,1229.609,36888,i know kid
335,1231902,1231.902,36957,Covid
336,1233923,1233.923,37017,Faxxx
337,1234136,1234.136,37024,king the goat curry
338,1241990,1241.99,37259,i am just saying warriors are going to win
339,1243333,1243.333,37299,He in the top 3 and he not 2 or 3
340,1243635,1243.635,37309,Bros calling me kid
341,1244888,1244.888,37346,Yoooooo
342,1247626,1247.626,37428,Fortnite pfp
343,1249045,1249.045,37471,curry a bum on my brothers
344,1249846,1249.846,37495,JIMVP
345,1252894,1252.894,37586,Brodie we older then you
346,1254066,1254.066,37621,you ae
347,1258088,1258.088,37742,Hi
348,1263149,1263.149,37894,except looney everyone else is just a bum in Warriors
349,1263332,1263.332,37899,we got more bands then you
350,1272083,1272.083,38162,saying as a lakers will win idk
351,1273277,1273.277,38198,hit us up when you made 10 racks in a day
352,1276407,1276.407,38292,moments before the trades disaster
353,1277375,1277.375,38321,Warriors in six
354,1278298,1278.298,38348,@mahomes curry is good but these bandwagon warrior fans think that he is better than lebron
355,1288710,1288.71,38661,Lakers in 5 mf
356,1291900,1291.9,38757,TRUST ME LAKERS IN 5
357,1292717,1292.717,38781,@shayaanshah onb
358,1295643,1295.643,38869,lakers in 4
359,1296519,1296.519,38895,ь
360,1297476,1297.476,38924,4-1
361,1300741,1300.741,39022,y’all just keep lying to y’all selves
362,1304157,1304.157,39124,you don't want us to see next season
363,1304877,1304.877,39146,lakers in 6
364,1305192,1305.192,39155,lakers is trying to beat GS
365,1309909,1309.909,39297,KEVIN DURANT CLEARS 2FMVP
366,1310917,1310.917,39327,Sweep
367,1312762,1312.762,39382,Warriors in 5
368,1319717,1319.717,39591,I heard Gianni’s wants to come to la
369,1322608,1322.608,39678,@shayaanshah exactly that's so so true
370,1333795,1333.795,40013,LEBRON GOAT
371,1336035,1336.035,40081,love from india from kerala by Asim
372,1337095,1337.095,40112,Giannis finna pull up to la its over brodie
373,1337647,1337.647,40129,LeMickey
374,1338014,1338.014,40140,@mahomes are u Lakers fan?
375,1343790,1343.79,40313,lebron the goat onb
376,1347860,1347.86,40435,where curry
377,1349570,1349.57,40487,Who in class ran
378,1350523,1350.523,40515,ùadad
379,1350940,1350.94,40528,d
380,1351143,1351.143,40534,d
381,1351360,1351.36,40540,d
382,1351760,1351.76,40552,d
383,1351777,1351.777,40553,warriors are so bad now Lakers really exposed how overrated they are
384,1351969,1351.969,40559,d
385,1358916,1358.916,40767,rbron gora
386,1359518,1359.518,40785,curry stay being a bum
387,1361587,1361.587,40847,hello
388,1365564,1365.564,40966,lal
389,1365895,1365.895,40976,Heat in 5
390,1368299,1368.299,41048,lakers in 6
391,1371681,1371.681,41150,Giannis is a bum
392,1378352,1378.352,41350,Mavs in 0
393,1379091,1379.091,41372,@mahomes 15 what’s ur fav team?
394,1388647,1388.647,41659,"Lakers, Nuggets, Heat, 76ers"
395,1390884,1390.884,41726,james harden go te
396,1405900,1405.9,42177,lebron goat
397,1407207,1407.207,42216,shout out poole keep shooting bozo
398,1407207,1407.207,42216,looks like the lakers is unvited anyways GS will win
399,1421511,1421.511,42645,rbron out
400,1421779,1421.779,42653,@Less S
401,1429835,1429.835,42895,Warriors will win
402,1429983,1429.983,42899,Heat vs Philly in ecf and lakers vs nuggets in wcf
403,1439598,1439.598,43187,Lebron is too old and can’t shoot
404,1446449,1446.449,43393,@DavidPlayz FAXXX BRO
405,1457710,1457.71,43731,Lebron out
406,1460688,1460.688,43820,but im gonna right back
407,1467654,1467.654,44029,@Gary Cook and ur too young to learn basketball
408,1469947,1469.947,44098,Curry by himself vs. the AD and Lebron super team
409,1470462,1470.462,44113,Warriors
410,1474668,1474.668,44240,Puttin that one on gooood -
411,1489331,1489.331,44679,who has the best chance of winning this game
412,1493679,1493.679,44810,rebron out
413,1498286,1498.286,44948,lakers win
414,1500521,1500.521,45015,huwaw
415,1500947,1500.947,45028,lmao I’m joking do u not know what happens later in this game
416,1501286,1501.286,45038,warriors would be the 11th seed without illegal screens
417,1506263,1506.263,45187,LEBRUH WILL FINISHED TONIGHT
418,1512364,1512.364,45370,The current warriors are just the last years heat. Carried by their star and bench does nothing
419,1533142,1533.142,45994,@Less S true that
420,1535757,1535.757,46072,its the 2021 play in tornament
421,1536355,1536.355,46090,warriors win easy
422,1540805,1540.805,46224,in the bubble
423,1554447,1554.447,46633,loony looks 20 years younger lmao
424,1561481,1561.481,46844,crazy
425,1567485,1567.485,47024,remember when Trez was good
426,1569382,1569.382,47081,REPÚBLICA DOMINICANA
427,1586478,1586.478,47594,"kings would've defeated over proud gsw, they just got lucky"
428,1608127,1608.127,48243,I’m a heat fan
429,1609138,1609.138,48274,Lakers are beating these frauds in 6
430,1611295,1611.295,48338,Naah Sid
431,1616923,1616.923,48507,wsp good morning
432,1622153,1622.153,48664,lakers beating warriors easily
433,1633643,1633.643,49009,Heat>Knicks
434,1646267,1646.267,49388,Heat Vs Celtics Rematch
435,1647863,1647.863,49435,REPÚBLICA DOMINICANA
436,1649553,1649.553,49486,This series going to game 7
437,1655075,1655.075,49652,Caruso probably the best defender of that season
438,1655380,1655.38,49661,THT
439,1681123,1681.123,50433,Thiss looks like season 1 of fortnite
440,1684475,1684.475,50534,so old
441,1692262,1692.262,50767,"STEPHEN A SAYS ""WHAT PLAY-IN GAME"""
442,1696436,1696.436,50893,im back
443,1696644,1696.644,50899,I feel bad for the Clippers
444,1706823,1706.823,51204,hello
445,1726793,1726.793,51803,Bron
446,1733986,1733.986,52019,That warriors kit
447,1742728,1742.728,52281,Lakers vs Heat finals
448,1747788,1747.788,52433,"embeid sells against the Celtics yearly, they know how to defend him best"
449,1748173,1748.173,52445,curry be strong and fighter and win this game lets go
450,1752569,1752.569,52577,oh this is when LeBron won the bubble gum Disneyland ring
451,1774521,1774.521,53235,lakers vs Celtics final
452,1775675,1775.675,53270,LeMickey
453,1776201,1776.201,53286,when do they 2016 finals game 1 to game 7
454,1798828,1798.828,53964,it is lagging on me is it to you to?
455,1809368,1809.368,54281,"Laggin on you fam, we good"
456,1813328,1813.328,54399,Heat Celtics finals
457,1829502,1829.502,54885,reggie is prolly the best commentator according to me
458,1854984,1854.984,55649,tyler herro will come back for heat vs celtics
459,1855801,1855.801,55674,how can heat and celtics play finals they're on the same conference lol
460,1859183,1859.183,55775,vihann shetty... where you from?
461,1870269,1870.269,56108,"Man that '21 Lakers was so agile and energetic, crazy how they had guys like Kuzma in there"
462,1870622,1870.622,56118,When Stephanie couldn't get his team into the playoffs
463,1896536,1896.536,56896,Nah Warriors Celtics in the finals
464,1900620,1900.62,57018,Lebron prolly kicked him outta there cuz of his beautiful fashion sense :rofl
465,1949602,1949.602,58488,Crasins
466,1950711,1950.711,58521,celtics will sweep the warriors
467,1952274,1952.274,58568,caca&
468,1967482,1967.482,59024,Nah Shai is the most drippy    in the league
469,1969425,1969.425,59082,76
470,1972287,1972.287,59168,Warriors v Celtics Finals. Warriors in 7
471,1977147,1977.147,59314,@Siddharth Facts
472,1981980,1981.98,59459,sixers
473,1988386,1988.386,59651,Warriors won’t make it to the finals
474,1992795,1992.795,59783,sixers win
475,1999965,1999.965,59998,Celtics can’t beat the Warriors
476,2016682,2016.682,60500,Yeah but we don’t gotta worry if they don’t get to the finals lmao
477,2031548,2031.548,60946,sixers
478,2042838,2042.838,61285,Nah Warriors gon win Game 2 vs the Lakers
479,2053212,2053.212,61596,And then Warriors in 7 clinch the series
480,2077334,2077.334,62320,play in Bron
481,2081085,2081.085,62432,こんばんわ
482,2087326,2087.326,62619,Schroder: The German God
483,2096065,2096.065,62881,Winners of Warriors v Lakers play the winners of Suns v Nuggets right?
484,2106762,2106.762,63202,hi
485,2108395,2108.395,63251,yup
486,2115142,2115.142,63454,Ah aight
487,2119489,2119.489,63584,Nuggets Vs Warriors
488,2123432,2123.432,63702,Celtics vs Heat
489,2123613,2123.613,63708,nba and hip hop = one love)
490,2134307,2134.307,64029,Where do you think Dillon Brooks is headed?
491,2140927,2140.927,64227,China?
492,2155067,2155.067,64652,Shanghai sharks
493,2157143,2157.143,64714,Nah not this game
494,2158277,2158.277,64748,>
495,2170183,2170.183,65105,PJ tucker going straight to China
496,2180402,2180.402,65412,ne hao
497,2204743,2204.743,66142,shut up PJ Tucker is a great defender
498,2214059,2214.059,66421,76ers got no bench gods except Paul reed and Maxey
499,2214375,2214.375,66431,Brooks brought everything on himself lmao
500,2219641,2219.641,66589,He didn't have to get beefy
501,2231991,2231.991,66959,Nothing
502,2247181,2247.181,67415,Only hope for 76ers is for Harden to pull up performances like that Game
503,2248030,2248.03,67440,1
504,2262420,2262.42,67872,It’s pretty much their only shot
505,2262473,2262.473,67874,curry will clap the lakers
506,2279458,2279.458,68383,warriors will win in game 7
507,2287509,2287.509,68625,Davis is lazy
508,2287808,2287.808,68634,Embiid too caught up in MVP celebrations lol
509,2297803,2297.803,68934,PJ’s best days are long gone    idk what team would want that man
510,2303689,2303.689,69110,Warriors are winning game 2
511,2306386,2306.386,69191,In their right mind
512,2315961,2315.961,69478,lakers in 7
513,2316918,2316.918,69507,Go! go! go! Lakers
514,2321849,2321.849,69655,GS fans
515,2322055,2322.055,69661,yes warriors are winning today
516,2327416,2327.416,69822,yess
517,2329491,2329.491,69884,Lakers in 4
518,2332550,2332.55,69976,im a gs fan
519,2333910,2333.91,70017,What u guys think about Brooks? Shanghai Sharks or he still got a shot in the NBA?
520,2341295,2341.295,70238,@Siddharth Lmao what u smokimg
521,2346154,2346.154,70384,Leshit
522,2350090,2350.09,70502,Brooks to the Thunder
523,2355765,2355.765,70672,im a lakers fan
524,2361480,2361.48,70844,he'll be in the leauge hes a good defender
525,2361753,2361.753,70852,warriors in 7 i think
526,2366289,2366.289,70988,why are u so triggered?
527,2387140,2387.14,71614,Knicks tape
528,2388523,2388.523,71655,what do you thing guys i think warriors are going to win in game 7
529,2389280,2389.28,71678,не слово по русски
530,2392165,2392.165,71764,@Siddharth Clearly looks like you're a lakers fan
531,2396506,2396.506,71895,Because u like PJ tucker
532,2402546,2402.546,72076,Yeah Warriors in 7
533,2403714,2403.714,72111,Lebron james
534,2405230,2405.23,72156,lakers in 4 sidd
535,2405285,2405.285,72158,U no comprende?
536,2406632,2406.632,72198,Instant ref job in favor of the lakers
537,2409989,2409.989,72299,@CTG Cement
538,2415504,2415.504,72465,lets go lakers!!!!!!!!!!
539,2425476,2425.476,72764,why are they premiering a 2 year old game
540,2425833,2425.833,72774,Warriors quit hating on curry u hater fans or is it Laker with that HIV magic right
541,2433719,2433.719,73011,bron was focused this whole series
542,2435126,2435.126,73053,everybody already knows what happens in this game
543,2437715,2437.715,73131,"yup i am. Even my parents support lakers, my grandparents did that too"
544,2448048,2448.048,73441,Que Ganen Los Lakers
545,2452975,2452.975,73589,@TheWizardGuy Nah they playing this to the refs to show them how to officiate and let the lakers win today
546,2458898,2458.898,73766,curry is the best point guard and lakers is the goat
547,2460222,2460.222,73806,curry for winnnn bangg
548,2465004,2465.004,73950,i mean lebron is the goat*
549,2473367,2473.367,74201,"back out to james , puts up a 3"
550,2477854,2477.854,74335,curry 3000 threes
551,2495879,2495.879,74876,I can see Lebron hitting a clutch 3 if this game ends up being close
552,2497389,2497.389,74921,"lebron is the goat, whoever disagrees will go to hell"
553,2500643,2500.643,75019,i miss caruso on the lakers
554,2502705,2502.705,75081,MJ the GOAT bruh what u kids doing?
555,2506072,2506.072,75182,Tu compras nu sueter Es de lakers para Los Angeles
556,2506916,2506.916,75207,Warriors are better than the Lakers
557,2512045,2512.045,75361,Magic is better then curry
558,2525703,2525.703,75771,не слово по английски
559,2531552,2531.552,75946,Mj better
560,2532363,2532.363,75970,magic way way way better than curry
561,2533303,2533.303,75999,Creep
562,2536695,2536.695,76100,I can see curry hitting a clutch three in the last second
563,2542171,2542.171,76265,how is magic better than curry?
564,2544797,2544.797,76343,"Curry best shooter oat, best pg is debatable"
565,2545065,2545.065,76351,Pre curry
566,2547565,2547.565,76426,damn curry
567,2549236,2549.236,76477,MJ BETTER
568,2550565,2550.565,76516,what i ay
569,2551462,2551.462,76543,MJ BETTER
570,2554485,2554.485,76634,Mj better
571,2555270,2555.27,76658,yall wasnt even alive to see magic play and u saying hes better
572,2555443,2555.443,76663,Ok you are on lean Sidhartha gautama
573,2558213,2558.213,76746,BANGGGGGGGGGGGGG
574,2560624,2560.624,76818,Mj better
575,2564623,2564.623,76938,Klay needs to come to the party mannn. Way too much pressure on Curry these days
576,2570896,2570.896,77126,Mj better
577,2578683,2578.683,77360,@CTG Cement Ikr
578,2580123,2580.123,77403,KUMINGA BETTER THAN LEBITCH
579,2581496,2581.496,77444,@Manmeet Singh Yep Magic is so much better then curry
580,2581594,2581.594,77447,KUMINGA BETTER THAN LEBITCH
581,2581699,2581.699,77450,Mj better
582,2582189,2582.189,77465,KUMINGA BETTER THAN LEBITCH
583,2582470,2582.47,77474,Mj better
584,2582986,2582.986,77489,KUMINGA BETTER THAN LEBITCH
585,2588085,2588.085,77642,KUMINGA BETTER THAN LEBITCH
586,2589152,2589.152,77674,KUMINGA BETTER THAN LEBITCH
587,2589748,2589.748,77692,KUMINGA BETTER THAN LEBITCH
588,2590290,2590.29,77708,KUMINGA BETTER THAN LEBITCH
589,2591137,2591.137,77734,No halftime show??
590,2593924,2593.924,77817,Yo stop the spam
591,2594230,2594.23,77826,MJ BETTER
592,2596518,2596.518,77895,Holy molybdenum
593,2599129,2599.129,77973,MJ BETTER
594,2600491,2600.491,78014,Curry at the buzzer
595,2603850,2603.85,78115,MJ BETTEE
596,2607137,2607.137,78214,KUMINGA BETTER THAN LEBITCH
597,2610123,2610.123,78303,MJ BETTA
598,2613133,2613.133,78393,We gotta beat the Lakers tonight
599,2615377,2615.377,78461,damn curry just hit a clutch three in the last second of the second quarter
600,2617523,2617.523,78525,@Flight Among Kum betta
601,2622134,2622.134,78664,ruining chat
602,2625354,2625.354,78760,@TheWizardGuy if you were to put them 1 on 1 curry would destory magic
603,2640306,2640.306,79209,Yea we gotta cut Schroeder off from going to the basket
604,2646386,2646.386,79391,why is Game 2 on already??!!
605,2651908,2651.908,79557,Dayum a lot of Indians in here. Welcome boys
606,2654718,2654.718,79641,Skip    to cuarto de cuatro
607,2656021,2656.021,79680,And Lebron is gonna find a way to get to the Beasley
608,2659030,2659.03,79770,Basket
609,2659437,2659.437,79783,"that's why i dont like warriors, look how they spam, just like a kid"
610,2666274,2666.274,79988,fans*
611,2668327,2668.327,80049,And we can’t miss wide open shots
612,2686419,2686.419,80592,Warriors in 6
613,2690547,2690.547,80716,these units were so fire
614,2692663,2692.663,80779,bro is yall forgetting magic had a top 3 player all time named kareem abdul jabbar??? if he kareem wasnt on lakers he wouldnt have 5 championships
615,2696297,2696.297,80888,I'm an Indian but i dont live in India
616,2696936,2696.936,80908,Steph 3333
617,2704511,2704.511,81135,Look at Curry man so inspirational
618,2706568,2706.568,81197,Warriors winning vs Lakers tonight
619,2709950,2709.95,81298,Suiiii
620,2712096,2712.096,81362,Poole > Jason Derulo
621,2718128,2718.128,81543,Hala Madrid Suiiii
622,2724315,2724.315,81729,A de Cristiano
623,2729378,2729.378,81881,KUMINGA BETTER THAN LEBITCH
624,2729459,2729.459,81883,We need to slow down as well we be rushing layups
625,2730185,2730.185,81905,KUMINGA BETTER THAN LEBITCH
626,2731118,2731.118,81933,KUMINGA BETTER THAN LEBITCH
627,2731879,2731.879,81956,KUMINGA BETTER THAN LEBITCH
628,2733131,2733.131,81993,KUMINGA BETTER THAN LEBITCH
629,2733954,2733.954,82018,Goool de Cristianoooooooooooooooooooooooooooooooooooooo
630,2736902,2736.902,82107,Jordan Poole can’t sell either
631,2737023,2737.023,82110,They wont beat Lakers Chucking 3s. Lets go Lakers!!!!!
632,2737277,2737.277,82118,Petros Mantalos > MJ
633,2739874,2739.874,82196,Lmao that Poole shot from the basement last match
634,2772955,2772.955,83188,again a warrior fam spamming like a kid
635,2777276,2777.276,83318,fan*
636,2793857,2793.857,83815,Lakers 103 - 100 Warriors
637,2799434,2799.434,83983,@Siddharth cry tubs
638,2812902,2812.902,84387,no spoilers please
639,2820622,2820.622,84618,"2016 Finals tho, still one of the best all time"
640,2823154,2823.154,84694,why would i cry? we are up 1-0 lmaooo
641,2840266,2840.266,85207,The Warriors just should have won 2016
642,2844922,2844.922,85347,Not for long
643,2848855,2848.855,85465,Lakers in Fahivvveee
644,2850004,2850.004,85500,not for long
645,2858426,2858.426,85752,we winning tongiht
646,2858870,2858.87,85766,Warriors winning tonight
647,2864158,2864.158,85924,You wait
648,2871137,2871.137,86134,Lakers winning in 5 games in the current series
649,2874807,2874.807,86244,Curry gonna have a great game
650,2880437,2880.437,86413,Waiiiiiit Drummond was wit the Lakers in 2021???
651,2884529,2884.529,86535,Jordan Poole can’t sell us tho
652,2887535,2887.535,86626,"you all just know how to trash talk, i bet you all will lose tonight as well"
653,2901443,2901.443,87043,how much u wanna bet…lakers deff winning
654,2904599,2904.599,87137,Yea Drummond was with the lakers in ‘21
655,2914575,2914.575,87437,Lakers ain’t winning boi
656,2921348,2921.348,87640,.
657,2927355,2927.355,87820,@Siddharth Lol youre telling that the Warriors fans are trashtalking. Meanwhile youu talking smack.
658,2932747,2932.747,87982,we already winning
659,2933648,2933.648,88009,Dubs in 6 or 7
660,2934887,2934.887,88046,Lakers winning tonight
661,2935263,2935.263,88057,@SidDHarth we ain’t losing
662,2940768,2940.768,88223,hi everyone
663,2945319,2945.319,88359,これってレギュラーシーズン？
664,2953180,2953.18,88595,Lol warriors fans just keep showing their non existent basketball knowledge
665,2954667,2954.667,88640,Lakers winning by 15 tonight remember that
666,2963361,2963.361,88900,2021 のプレーインよ
667,2964594,2964.594,88937,Aiiight imma dip see ya later. Warriors in 6 btw. Peace
668,2967712,2967.712,89031,Dubs in 6
669,2967784,2967.784,89033,They might get swept warriors
670,2969035,2969.035,89071,yall already losing….we up 1-0
671,2974798,2974.798,89243,"@Vihaan Shetty I didn't, when did i? i am just supporting my team"
672,2992266,2992.266,89767,wow.
673,3008573,3008.573,90257,You get so cocky about one damn win
674,3014249,3014.249,90427,The series ain’t over yet
675,3017662,3017.662,90529,ありがとう
676,3019393,3019.393,90581,Dubs in 2
677,3023057,3023.057,90691,lol
678,3030335,3030.335,90910,lakers in 4
679,3038224,3038.224,91146,I wish we could win in 2
680,3050773,3050.773,91523,travel
681,3051341,3051.341,91540,Lakers winning it in 5 games yall don’t get too hype
682,3052862,3052.862,91585,jared locking up curry again
683,3063711,3063.711,91911,These laker fans prob didn’t see the Kings and how we demolished them
684,3066239,3066.239,91987,Curry owns Lebron lol
685,3082742,3082.742,92482,demolished?
686,3083238,3083.238,92497,@Brad Vino I don’t think so Warriors in 6
687,3088297,3088.297,92648,Golden State in 4
688,3089709,3089.709,92691,if Ad drops 30 pts and 20 rebounds per game warriors have no chance
689,3102070,3102.07,93062,lol so you'll compare kings with lakers lol bruh
690,3110403,3110.403,93312,@RGS yes demolishes
691,3117700,3117.7,93531,AD one step away fro getting hurt lets be real
692,3121199,3121.199,93635,Lakers are too big for them
693,3125432,3125.432,93762,Kings and the lakers play the same way
694,3134714,3134.714,94041,"one guy really said ""warriors in 4"""
695,3139550,3139.55,94186,since when does lebron win game 1 against curry and lose the series I’ll wait!!!!
696,3141309,3141.309,94239,Fax AD gon prob get hurt again
697,3159480,3159.48,94784,@Dontez Bryant yall went 7 games vs kings talking bout demolished
698,3166734,3166.734,95002,Nope I said Golden State in 4
699,3181795,3181.795,95453,same thing
700,3186140,3186.14,95584,@RGS so what we killed them in that game
701,3188620,3188.62,95658,wow
702,3191834,3191.834,95755,Is this live?thak you NBA.
703,3210056,3210.056,96301,who won
704,3216098,3216.098,96482,Kent Bazemore is ready if needed
705,3230870,3230.87,96926,"@Dontez Bryant ""killed them"" in game 7"
706,3234340,3234.34,97030,Why did we trade Basemore away
707,3234841,3234.841,97045,My prediction is klay goes off Warriors win in OT
708,3247808,3247.808,97434,Lakers in 5 y’all
709,3257625,3257.625,97728,Bazemore sucked lol
710,3260831,3260.831,97824,Go La
711,3265085,3265.085,97952,@RGS we destroyed them in the third quarter
712,3268506,3268.506,98055,"i miss india now, wanna go to my home"
713,3271007,3271.007,98130,help me out when has lebron won game 1 against curry and lost the series????
714,3300688,3300.688,99020,"My prediction is Klay goes off, Steph goes off... Lakers 115 - Warriors 93"
715,3303705,3303.705,99111,He about to watch
716,3320702,3320.702,99621,@Dontez Bryant if curry didnt drop 50 yall would've went to Cancun
717,3321909,3321.909,99657,@Chris your prediction gon be wrong
718,3328820,3328.82,99864,lol dats all u got dontez??? lol
719,3343102,3343.102,100293,Lakers gonna win again on the road
720,3372718,3372.718,101181,If the Warriors lose tonight then get the brooms out!
721,3373325,3373.325,101199,"Yo yo guys chill, don't bully the kid like that lads. Let's just see the result of the match. Coming from a Warriors fan btw"
722,3374458,3374.458,101233,"if AD plays like this again the Warriors wont have a chance, especially if LeBron finds his rhythm"
723,3391531,3391.531,101745,lakers needa win game 2 and it's done for gsw
724,3412044,3412.044,102361,@RGS facts
725,3416703,3416.703,102501,Lakers winning tonight YESSIR!
726,3427220,3427.22,102816,el drako
727,3441942,3441.942,103258,Lmaoooooo look at Drake and Michael B
728,3458091,3458.091,103742,good lal
729,3479263,3479.263,104377,Crazy part james doesnt need to go for 30+ no more. and i luv it!!! its about time!!!
730,3483158,3483.158,104494,damn AD struggled this game
731,3483815,3483.815,104514,Nah Warriors winning game 2
732,3489799,3489.799,104693,3-15!? damn
733,3497170,3497.17,104915,Lakers in 6!!!!!
734,3497770,3497.77,104933,Lakers in 6
735,3505903,3505.903,105177,lakers win
736,3510236,3510.236,105307,embiid = fake mvp
737,3520697,3520.697,105620,Warriors in 6
738,3524906,3524.906,105747,gsw winning 1-2 games not more
739,3549621,3549.621,106488,i miss KCP on the lakers mann
740,3551263,3551.263,106537,real mvp = curry
741,3554052,3554.052,106621,Warriors going down 2-0 2nite
742,3557467,3557.467,106724,Warriors in 6
743,3564579,3564.579,106937,lebron beating curry with only avg 22ppg will be the real story!!!!
744,3566419,3566.419,106992,lakers should've kept KCP ngl
745,3569548,3569.548,107086,Warriors tying series 1-1
746,3570752,3570.752,107122,I've always remembered this match
747,3570878,3570.878,107126,Lakers in 4 could happen and A.D and LeBron have been Steppin it up..
748,3577163,3577.163,107314,some guy saying real mvp=curry lmaooo
749,3586723,3586.723,107601,HELLL NO
750,3587485,3587.485,107624,Brb
751,3589680,3589.68,107690,L
752,3590740,3590.74,107722,Curry is not Mvp
753,3590957,3590.957,107728,Curry is the MVP
754,3593588,3593.588,107807,U wish dontez they can’t stop AD
755,3595269,3595.269,107858,where is kyrie?
756,3595961,3595.961,107878,Let golden state have one of those ugly games Lakers gonna be rebounding hitting the paint its a done deal
757,3597882,3597.882,107936,Yes he is
758,3599999,3599.999,107999,"never in my life, i laughed that hard"
759,3602995,3602.995,108089,I'd love to see the Lakers sweep the Warriors and get them up outta here right quick
760,3615493,3615.493,108464,Curry>Lebitch James
761,3616661,3616.661,108499,Me 2
762,3626662,3626.662,108799,Austin Reaves MVP
763,3628142,3628.142,108844,Prefer giving MVP to De'Aaron Fox
764,3628841,3628.841,108865,REAL MVP = CURRY
765,3638108,3638.108,109143,@Td jones not happening
766,3639368,3639.368,109181,u cant be an mvp and be less then 3rd seed
767,3645330,3645.33,109359,Prefer giving MVP to De'Aaron Fox than Steph Curry
768,3647671,3647.671,109430,Curry is the MVP
769,3660344,3660.344,109810,Brodie enters the chat
770,3660906,3660.906,109827,@Kevin Rojas Fox is ass
771,3663363,3663.363,109900,NO F
772,3670801,3670.801,110124,he didn't even win the MVP
773,3674743,3674.743,110242,Curry can't close games.
774,3682284,3682.284,110468,lebron ahead of curry in all accolades. no comparison between bron and curry lol
775,3691803,3691.803,110754,facts
776,3693311,3693.311,110799,the king's back
777,3694447,3694.447,110833,Is this now
778,3697464,3697.464,110923,curry scored 50 points in the playoffs
779,3697641,3697.641,110929,"Klay ain't the same, he'll be back to shooting bricks."
780,3697692,3697.692,110930,Loki
781,3699135,3699.135,110974,@Td Jones yes he can
782,3700620,3700.62,111018,bron
783,3714124,3714.124,111423,curry is the new goat
784,3715925,3715.925,111477,Bro Lebron did really well right after coming in
785,3720699,3720.699,111620,@Siddharth you’re funny Curry better
786,3727307,3727.307,111819,"Poole let the money go to his head, he shooting bricks too"
787,3728566,3728.566,111856,Y people saying curry the goat of pgs now cause he had 50 in a close out game in the first round.
788,3755681,3755.681,112670,why you say that curry is More is stronger than James
789,3758998,3758.998,112769,Curry is the first NBA player to score 50 in a Game 7 does Lebron fit that category Noo
790,3760091,3760.091,112802,Curry probably scored 50 but did he hit em on LeBron NOOO Sir Bcause LeBron is better.
791,3760667,3760.667,112820,yeah
792,3766711,3766.711,113001,?
793,3774739,3774.739,113242,that 50 do really mean ish when u up 20+the whole game. its not like they need 50 from him
794,3783934,3783.934,113518,Go Lakers
795,3792814,3792.814,113784,They can’t stop AD
796,3796704,3796.704,113901,"@Dontez Bryant ok boomer    call curry better nobody gives a f. we all know bron got more mvps, fmvps, points in playoffs, all stars etc."
797,3801804,3801.804,114054,Curry 3s don’t matter lmaoooo
798,3805768,3805.768,114173,wow
799,3811283,3811.283,114338,Bro etheir way Lakers won this match 100-103
800,3812232,3812.232,114366,Stephen Curry is the best PG in the NBA
801,3812725,3812.725,114381,Curry is the only player that scored 50 in a game 7 so get rekt bums
802,3814553,3814.553,114436,go GS
803,3816401,3816.401,114492,CARUSHOW!
804,3829195,3829.195,114875,And Stephanie Curry can't close at all. Warrior fan girls relying on him will be outta luck lol
805,3835243,3835.243,115057,@AggSkou really ? so i can sleep well :Đ
806,3839342,3839.342,115180,curry portrait on Mount rushmore
807,3843751,3843.751,115312,@Kevin Rojas nooooo spoilers!!! (jk)
808,3844595,3844.595,115337,Rachel nichols lmao
809,3846159,3846.159,115384,what
810,3852907,3852.907,115587,Steph cant even play D
811,3855499,3855.499,115664,Jimmy butler has entered the chat
812,3857596,3857.596,115727,and even more so the successor of MJ
813,3866534,3866.534,115996,LAKESHOW
814,3867164,3867.164,116014,Steph Curry can play D
815,3874712,3874.712,116241,Y’all Laker fans are delusional
816,3884828,3884.828,116544,79 like society of Jesus
817,3887330,3887.33,116619,it's game two(2)
818,3888896,3888.896,116666,D on who???
819,3889237,3889.237,116677,bron clears curry
820,3893130,3893.13,116793,@Ruel My bad
821,3893539,3893.539,116806,Even more delusional than the Kings fans
822,3900790,3900.79,117023,lakers won this right?
823,3904736,3904.736,117142,Warriors will get swept
824,3909148,3909.148,117274,yes
825,3917839,3917.839,117535,Warriors going to the crib in 4
826,3918011,3918.011,117540,Dontez bryant Lakers own u
827,3919966,3919.966,117598,Warriors in 6
828,3930150,3930.15,117904,@BIG SMOKEY we will see
829,3930843,3930.843,117925,jogo agr ?
830,3936622,3936.622,118098,Lakers in 5
831,3938089,3938.089,118142,Lakers in 4
832,3939655,3939.655,118189,lekkes
833,3941690,3941.69,118250,If we win tonight than you can forget about a seeep
834,3945984,3945.984,118379,Lakers will win in 5 games
835,3946780,3946.78,118403,L
836,3948104,3948.104,118443,Sweep
837,3948717,3948.717,118461,@Dontez bryant Lakers own u
838,3957139,3957.139,118714,Bro warriors cant win in 4 because lakers won the first one and will win the next three
839,3962849,3962.849,118885,when the lose 2night we dont wanna hear gs in 7
840,3964980,3964.98,118949,LAKERS L
841,3970562,3970.562,119116,They can’t stop lebron
842,3982675,3982.675,119480,Warriors win series 4-2
843,3984586,3984.586,119537,lakers ain't sweeping gsw but i will be happy if they do
844,3985273,3985.273,119558,Why Lakers Backcourt (4) Don't Pitch
845,3987715,3987.715,119631,@Brad Vino facts
846,3999722,3999.722,119991,Warriors in 6
847,4001345,4001.345,120040,hello everyone
848,4003909,4003.909,120117,See lmao
849,4010455,4010.455,120313,@Kevin Rojas they didnt lose yet
850,4011450,4011.45,120343,Heat in 5
851,4011991,4011.991,120359,Y’all will see how we will beat the Lakers tonight
852,4014362,4014.362,120430,They literally can’t stop Bron
853,4024703,4024.703,120741,the    winer is laker
854,4025979,4025.979,120779,They can
855,4028010,4028.01,120840,Lmaoooo AD n Bron
856,4028111,4028.111,120843,lol yeah
857,4034839,4034.839,121045,They can't stop AD either
858,4035124,4035.124,121053,curry vs lakers in this game
859,4038824,4038.824,121164,Lakers fans def delusional
860,4039926,4039.926,121197,keep that warriors in 6 energy..dont be like warriorsin 7 2morrow
861,4041804,4041.804,121254,LeBrow
862,4042704,4042.704,121281,This Lebron version was really good
863,4046920,4046.92,121407,lol gsw lost to the lakers with lebron 9/23 in the field then your going to say gsw will win? HHAHAHAH delusional
864,4050153,4050.153,121504,damn i thought ad's injured again lol
865,4056937,4056.937,121708,Lakers in 5
866,4057321,4057.321,121719,Lakers in 4
867,4063181,4063.181,121895,.
868,4065907,4065.907,121977,.
869,4067166,4067.166,122014,.
870,4068969,4068.969,122069,@Chris Lakers won game 1
871,4069091,4069.091,122072,.
872,4069374,4069.374,122081,7
873,4069672,4069.672,122090,.
874,4070194,4070.194,122105,.
875,4070669,4070.669,122120,go Youtube : are you a good person . The author of this video is Living Waters.
876,4070735,4070.735,122122,.
877,4073354,4073.354,122200,.
878,4080430,4080.43,122412,Lakers in 5
879,4088416,4088.416,122652,"don't tell curry that he's mj's successor mj is just an overrated shoe merchant, curry is greater"
880,4092270,4092.27,122768,@a oh hush gsw in 6 we may have lost but we can bounce back
881,4103882,4103.882,123116,mj clears curry
882,4106241,4106.241,123187,my bros go Youtube : are you a good person . The author of this video is Living Waters.
883,4106876,4106.876,123206,curry
884,4108048,4108.048,123241,Jest ktoś z Polski?
885,4111973,4111.973,123359,mj is better than curry anyday
886,4115557,4115.557,123466,Jest ktoś z Polski?
887,4141924,4141.924,124257,Like i said when has lebron ever won game 1 and loss the series against curry???
888,4154151,4154.151,124624,mj is the old
889,4155617,4155.617,124668,curry better than lebum
890,4164342,4164.342,124930,curry = new goat
891,4168028,4168.028,125040,CAP
892,4171570,4171.57,125147,who tf says otherwise?
893,4174100,4174.1,125223,Curry is not better than lebron
894,4176773,4176.773,125303,AD can’t be stopped!
895,4178267,4178.267,125348,YALL MAD GLAZINNNNNN
896,4181445,4181.445,125443,Why lakers always coming back on 4th quarter
897,4182428,4182.428,125472,Steph curry better than Lebron
898,4187071,4187.071,125612,L
899,4187795,4187.795,125633,@Mike yes gsw can bounce back if they find a way to stop AD at the paint looney is not enough Davis aint sabonis
900,4201778,4201.778,126053,Because we are the Goats
901,4205095,4205.095,126152,Bro who won 2016 nba finals
902,4207126,4207.126,126213,Mfs be telling me with a straight face that Lebron is better than MJ and Curry LMAOO
903,4209885,4209.885,126296,Curry clamping AD
904,4211915,4211.915,126357,Ich bin nackig
905,4220891,4220.891,126626,where's the goat alex caruso
906,4224685,4224.685,126740,curry carrying this game
907,4225480,4225.48,126764,bring him back
908,4227582,4227.582,126827,Lebron is better
909,4228610,4228.61,126858,wenn juckts
910,4229566,4229.566,126886,WTF
911,4230114,4230.114,126903,curry needed KD to take down LeGOAT
912,4240710,4240.71,127221,they gonna keep saying it till he 50 years old..lets go james. they madd
913,4255919,4255.919,127677,@PokeDegen Took him down in 2015
914,4267339,4267.339,128020,Curry is way better than Lebron
915,4281679,4281.679,128450,@WarriorsIn7 No Kyrie and no Love lmao
916,4283657,4283.657,128509,no
917,4304632,4304.632,129138,who cares this game old asf
918,4313317,4313.317,129399,it was 3 on 1 in 2015 cut it out
919,4336683,4336.683,130100,"Lebron better James has been in the league for six more seasons, but he still has 10 more All-Star selections, 10 more All-NBA teams, two more MVP awards, and three more Finals MVP awards than Curry"
920,4337806,4337.806,130134,that move nasty
921,4338937,4338.937,130168,Hi guys
922,4346912,4346.912,130407,yall care too much
923,4349699,4349.699,130490,just watch
924,4353118,4353.118,130593,@Kevin Porez it was literally only 2 years ago
925,4354341,4354.341,130630,Lakers won this classic
926,4363031,4363.031,130890,LIVE?
927,4364316,4364.316,130929,Who wins?
928,4367024,4367.024,131010,Lakwrs
929,4370367,4370.367,131111,@Kevin Porez we still own u 1-0 and we winning again tonight
930,4371263,4371.263,131137,yes live
931,4373136,4373.136,131194,Ye
932,4373930,4373.93,131217,Ye
933,4374740,4374.74,131242,super live
934,4375742,4375.742,131272,yes
935,4378947,4378.947,131368,Lakers win
936,4387228,4387.228,131616,No This is old
937,4398636,4398.636,131959,lebron was hit by curry 3-1 in the Finals
938,4403093,4403.093,132092,Yeah the play in tournament
939,4407847,4407.847,132235,Curry always has had a superteam around him it'd be nice to see him go somewhere else for a change
940,4409185,4409.185,132275,This was the 2021 Play in Tournament and the Lakers won this game unfortunately
941,4410203,4410.203,132306,curry fans are all front runners!!!
942,4412252,4412.252,132367,This is live guys trust me
943,4412253,4412.253,132367,This is live guys trust me
944,4414940,4414.94,132448,you all are npc that are commenting
945,4416149,4416.149,132484,Русские есть?
946,4419189,4419.189,132575,dontez Bryant lebron is better your moder
947,4421896,4421.896,132656,But LeBron still won th Finals
948,4436883,4436.883,133106,is this live?
949,4438146,4438.146,133144,Curry fans did y'all see game on when you're boy was clamped up by Vando?
950,4445199,4445.199,133355,1**
951,4460128,4460.128,133803,L
952,4460582,4460.582,133817,Lakers in 4
953,4473067,4473.067,134192,vando clamping curry
954,4475822,4475.822,134274,Idc what y’all say Lakers ain’t winning this series
955,4477284,4477.284,134318,This is live guys trust me
956,4477901,4477.901,134337,This is live guys trust me
957,4478479,4478.479,134354,This is live guys trust me
958,4479032,4479.032,134370,This is live guys trust me
959,4479669,4479.669,134390,This is live guys trust me
960,4479870,4479.87,134396,big year for theraguns
961,4480103,4480.103,134403,This is live guys trust me
962,4480684,4480.684,134420,This is live guys trust me
963,4486209,4486.209,134586,vando locked him up. only reason he scored in 4th is because vando was on the bench. Facts
964,4490269,4490.269,134708,No its not
965,4492883,4492.883,134786,Warriors is taking it against these bums
966,4494856,4494.856,134845,"Warriors have so much pride, they will take 1 or 2 games before butting out"
967,4498639,4498.639,134959,This is from 2021\
968,4500725,4500.725,135021,And you laker fans are delusional af
969,4514741,4514.741,135442,Enjoy the damn game
970,4518992,4518.992,135569,is not a classic
971,4519649,4519.649,135589,lakers the best of world
972,4521342,4521.342,135640,Bro but lakers kicking the warriors out foo
973,4522233,4522.233,135666,Hhahah
974,4526433,4526.433,135792,tell poole he ain't clutch
975,4538065,4538.065,136141,AD too much for them
976,4538324,4538.324,136149,NOBODY CAN GUARD AD
977,4542144,4542.144,136264,@Kevin Rojas in yo dreams boi Warriors in 6
978,4555086,4555.086,136652,FUCK
979,4557851,4557.851,136735,Man you got issues
980,4560427,4560.427,136812,LFGGGG
981,4566977,4566.977,137009,Lakers winning or losing all depends on if AD is motivated or not.. actually very simple
982,4566989,4566.989,137009,@Dontez Bryant You wish Lakers in 4
983,4572684,4572.684,137180,"nobody can stop curry, everyone is afraid of him"
984,4574597,4574.597,137237,damnnnn!!!
985,4579227,4579.227,137376,Tell your mom is not clutch in bed
986,4580456,4580.456,137413,@Kevin Rojas yeah Laker fanboy cry
987,4584606,4584.606,137538,all wannabe iside TNT XD
988,4598609,4598.609,137958,AD out tonight with knee soreness LMFAOOOO
989,4600385,4600.385,138011,@Raheem you smoking Warriors in 6
990,4600541,4600.541,138016,AD out tonight with knee soreness LMFAOOOOAD out tonight with knee soreness LMFAOOOO
991,4602488,4602.488,138074,AD out tonight with knee soreness LMFAOOOO
992,4603176,4603.176,138095,AD out tonight with knee soreness LMFAOOOO
993,4603882,4603.882,138116,AD out tonight with knee soreness LMFAOOOO
994,4612212,4612.212,138366,we are delusional but u call a person who only chucks threes ur goat!!!
995,4612741,4612.741,138382,YOOOOO I got my money on GSW. Poole gonna go off in the last 5. He aint missing this one
996,4613221,4613.221,138396,Tmrw lakers are gonna win
997,4613703,4613.703,138411,nobody cares
998,4618417,4618.417,138552,AD is out with injury
999,4618978,4618.978,138569,Mark my words
1000,4620477,4620.477,138614,You will cry when curry realizes LeBron is better than him
1001,4623123,4623.123,138693,한국인 있나용
1002,4639663,4639.663,139189,cry
1003,4646331,4646.331,139389,@Dontez Bryant gsw will take it against bums? so gsw will battle thereselves? ok thats exciting to watch
1004,4649079,4649.079,139472,한국인 있나용
1005,4649838,4649.838,139495,한국인 있나용
1006,4650553,4650.553,139516,한국인 있나용
1007,4651345,4651.345,139540,한국인 있나용
1008,4655545,4655.545,139666,"nobody can stop curry, everyone is afraid of him"
1009,4664431,4664.431,139932,Curry will never be better than Lebron he's always had a super team
1010,4667847,4667.847,140035,curry gogo!!!!!!
1011,4671597,4671.597,140147,Poole!!
1012,4673018,4673.018,140190,@WarriorsIn7 ㅋㅋㅋㅋ
1013,4673962,4673.962,140218,curry is only known for 3s he cant never be a goat
1014,4679952,4679.952,140398,What a competitive game wow
1015,4682391,4682.391,140471,Curry will always be better
1016,4688839,4688.839,140665,@Chris du deutscher du. Wieso bist du deutsch
1017,4688916,4688.916,140667,And tonight gonna prove it
1018,4691793,4691.793,140753,You mean Never
1019,4696132,4696.132,140883,JaYyTrade you cant even make one three
1020,4699038,4699.038,140971,GOLDEN STATE!
1021,4699247,4699.247,140977,Only casuals say stuff like that
1022,4703534,4703.534,141106,better all star recruiter
1023,4704858,4704.858,141145,@Dontez bryant Lakers in 5
1024,4710014,4710.014,141300,You've probably just started supporting the Warriors lmao
1025,4714319,4714.319,141429,Dubs were really playing Mike Mulder big minutes in the play in lol
1026,4717727,4717.727,141531,@JaYy trade u clearly don’t know how goated Curry is
1027,4719322,4719.322,141579,Bandwagons
1028,4721525,4721.525,141645,"@Dontez Bryant actually not a bad idea, imo they should rest him for Game 2, its an scheduled loss anyways imo"
1029,4724120,4724.12,141723,inviting kd to beat lebron
1030,4727111,4727.111,141813,@Chris du alman
1031,4727189,4727.189,141815,I never understood the appeal of watching old games. Like the excitement of who will win is totally gone lol
1032,4733739,4733.739,142012,Yoooo
1033,4744131,4744.131,142323,raheem all you do is comment
1034,4744152,4744.152,142324,@Chris Warriors winning boi
1035,4744250,4744.25,142327,Wsg wit yall
1036,4744934,4744.934,142348,He can’t guard me
1037,4744980,4744.98,142349,한국인 있나용
1038,4745784,4745.784,142373,한국인 있나용
1039,4745848,4745.848,142375,Vando clamped up Curry in game 1 and he'll do it again in game 2.
1040,4746381,4746.381,142391,한국인 있나용
1041,4751452,4751.452,142543,"I LOVE GOLDEN STATE AND STEPHEN CURRY, BUT NO CHANCE WIN LA, NO ONE CAN GUARD AD AND LEBRON"
1042,4753982,4753.982,142619,yo sabonis on pacers? i thought kings
1043,4759501,4759.501,142785,Lebron with the 23
1044,4760409,4760.409,142812,@Linards Zvirbulis I don't care cry about it buddy
1045,4763330,4763.33,142899,The time is almost here
1046,4764444,4764.444,142933,AD OUT TONIGHT
1047,4765211,4765.211,142956,AD OUT TONIGHT
1048,4765852,4765.852,142975,AD OUT TONIGHT
1049,4766455,4766.455,142993,AD OUT TONIGHT
1050,4767144,4767.144,143014,AD OUT TONIGHT
1051,4768225,4768.225,143046,ive made plenty of 3s in madison square garden when i played hs ball cut it out my boii
1052,4775508,4775.508,143265,AD out tonight
1053,4775516,4775.516,143265,let sgo
1054,4781437,4781.437,143443,Its a reference point ... and reminder where the team was a few years ago ...
1055,4782931,4782.931,143487,AD not out lmfao
1056,4784453,4784.453,143533,You know i'm speaking facts you've got nothing else to say
1057,4787107,4787.107,143613,WHY IS OUT?
1058,4790303,4790.303,143709,Yes he is
1059,4792343,4792.343,143770,Dontez Bryant probably only knows who curry is and thinks he's a fan man probably thought curry was the best but he forgot he doesn't have a life but only Dreams
1060,4793773,4793.773,143813,they wish AD was out
1061,4798580,4798.58,143957,"the warriors are a weak team without curry, but what difference does the lakers have without leBron?"
1062,4799164,4799.164,143974,he bullied their superteam
1063,4799755,4799.755,143992,Say ong
1064,4801321,4801.321,144039,Yeah y’all losing AD injured
1065,4809952,4809.952,144298,thats why you talking in comments XDDDD
1066,4812343,4812.343,144370,fool
1067,4814043,4814.043,144421,"actually they should rest AD, he plays too many minutes"
1068,4814811,4814.811,144444,idc
1069,4818394,4818.394,144551,Ad out but we delusional…smh
1070,4821072,4821.072,144632,nothing matters here
1071,4822332,4822.332,144669,He ain’t
1072,4833937,4833.937,145018,Man i sure hope the warriors win this
1073,4835218,4835.218,145056,Davis got these
1074,4843385,4843.385,145301,"is golden state win tonight, he have chance for break in LA"
1075,4846257,4846.257,145387,2-2 for sure
1076,4847601,4847.601,145428,@Kevin Rojas I love the entire team not just Curry and just fyi Warriors made it to the playoffs last year but where were the Lakers lol
1077,4849091,4849.091,145472,@Dontez bryant u wish AD was out
1078,4849573,4849.573,145487,let's go Lakers
1079,4849891,4849.891,145496,f
1080,4850238,4850.238,145507,f
1081,4850567,4850.567,145517,f
1082,4850940,4850.94,145528,f
1083,4851043,4851.043,145531,Warriors in 6
1084,4851757,4851.757,145552,f
1085,4855946,4855.946,145678,yo bald
1086,4858266,4858.266,145747,f
1087,4859322,4859.322,145779,Bald ahh
1088,4860676,4860.676,145820,f
1089,4868853,4868.853,146065,日本の方いますか？？
1090,4869549,4869.549,146086,Is this live or old
1091,4870223,4870.223,146106,Lebron clutch 3 is coming warriors bandwagons
1092,4870276,4870.276,146108,Lakers in 6
1093,4877481,4877.481,146324,Let’s go Lakers!
1094,4878524,4878.524,146355,lakers in 6
1095,4882872,4882.872,146486,why is AD out?? what happened
1096,4885694,4885.694,146570,Sike
1097,4891235,4891.235,146737,here we go
1098,4891574,4891.574,146747,He poked his eye
1099,4891959,4891.959,146758,Lebaby
1100,4893024,4893.024,146790,LMFAO
1101,4894079,4894.079,146822,LEFLOPLEFLOP
1102,4894649,4894.649,146839,LEFLOP
1103,4895195,4895.195,146855,same place gs was the year before!!! dontez
1104,4895329,4895.329,146859,LEFLOP
1105,4896169,4896.169,146885,ad goat
1106,4896307,4896.307,146889,cmon draymond
1107,4896716,4896.716,146901,LEFLOP
1108,4897377,4897.377,146921,LEFLOP
1109,4898292,4898.292,146948,Look at Lebron all hurt and shii
1110,4900319,4900.319,147009,Where Klay at?
1111,4900413,4900.413,147012,le3rims
1112,4901674,4901.674,147050,LeBithc
1113,4906762,4906.762,147202,Get up LeBron
1114,4909058,4909.058,147271,Ledrama
1115,4909587,4909.587,147287,Leflop at his peak
1116,4911434,4911.434,147343,lepines
1117,4912845,4912.845,147385,3 rims
1118,4913949,4913.949,147418,lepines
1119,4916967,4916.967,147509,LeGoat
1120,4917191,4917.191,147515,lepines
1121,4917603,4917.603,147528,ù
1122,4918789,4918.789,147563,Look at this shii and y’all say Lebron the goat smh he a crybaby
1123,4920325,4920.325,147609,LeAssaulted
1124,4920705,4920.705,147621,LeDrama
1125,4922981,4922.981,147689,Lethreerims
1126,4923637,4923.637,147709,kobe 24
1127,4925383,4925.383,147761,LEGOAT
1128,4927099,4927.099,147812,@Dontez Bryant Yeah you probably say that without knowing who LeBron James it
1129,4929835,4929.835,147895,Look at his eye lil hoy
1130,4932806,4932.806,147984,"to be honest, curry never lost a leader with the warriors but now lebron's on the bus called ad"
1131,4934832,4934.832,148044,LEGOAT whatever you say
1132,4943051,4943.051,148291,Flagrant
1133,4946978,4946.978,148409,how u flop in the air..but we delusional
1134,4947077,4947.077,148412,If you got poked in the eye like that how would you feel?
1135,4948047,4948.047,148441,Flagrant 2
1136,4950607,4950.607,148518,Lol this could easily be a torn ACL looking at the landing
1137,4953637,4953.637,148609,and then they became wine buddies afterwards lmao
1138,4954225,4954.225,148626,@WarriorsIn7 he poked his eye lil boy
1139,4955087,4955.087,148652,The fu- this ain’t a flop Draymond just bad human being
1140,4956617,4956.617,148698,Hahahaha look at y’all goat now
1141,4958961,4958.961,148768,ad not out
1142,4961878,4961.878,148856,if you touch curry they call a foul
1143,4962184,4962.184,148865,Lakers in 5
1144,4967733,4967.733,149031,Lebron not even top 3
1145,4971815,4971.815,149154,ronnie2k
1146,4974128,4974.128,149223,only haters thought that it was a flop
1147,4976627,4976.627,149298,LeActor
1148,4976627,4976.627,149298,Y'all act like he wasn't scratched in the eye
1149,4977830,4977.83,149334,GOT DAMN DARYMOND
1150,4978765,4978.765,149362,Look if Lebron can’t even take a hit how tf is he gonna win
1151,4981115,4981.115,149433,Hm
1152,4982409,4982.409,149472,ad goad
1153,4982756,4982.756,149482,Naaaah not the eye drops
1154,4991169,4991.169,149735,Steph curry ain’t even top 3
1155,4992152,4992.152,149764,ad goat
1156,4993748,4993.748,149812,Lebron is too 1000
1157,4995545,4995.545,149866,LeGreat
1158,5002030,5002.03,150060,LeGod
1159,5003536,5003.536,150106,how to watch NBA in the middle east?
1160,5003745,5003.745,150112,Steph Curry top 3
1161,5009330,5009.33,150279,What’s Draymon doing man
1162,5009697,5009.697,150290,Draymond is the greatest defender
1163,5013397,5013.397,150401,In your Dreams
1164,5013767,5013.767,150413,LeFlip
1165,5017592,5017.592,150527,PLAY BALL
1166,5018923,5018.923,150567,salam
1167,5020097,5020.097,150602,LeSnitch
1168,5026139,5026.139,150784,play ball
1169,5026507,5026.507,150795,LeFlop
1170,5028231,5028.231,150846,Curry is top 5 lebron is top 3
1171,5028555,5028.555,150856,@Dontaz Bryant what u smoking
1172,5030347,5030.347,150910,LEGOAT
1173,5031646,5031.646,150949,Leicantseebro
1174,5031720,5031.72,150951,5h5
1175,5031895,5031.895,150956,Looooney
1176,5032254,5032.254,150967,5h5h
1177,5032622,5032.622,150978,5h5
1178,5032837,5032.837,150985,h5
1179,5033811,5033.811,151014,LeThreeRims
1180,5036456,5036.456,151093,"Dontez Bryant you a hater, you would wanna fight if that happened to you"
1181,5037395,5037.395,151121,Curry barely top 10
1182,5037882,5037.882,151136,The other day was bs when they gave Dray a tech
1183,5039263,5039.263,151177,GS best
1184,5039635,5039.635,151189,bron eyes messed up damn
1185,5041077,5041.077,151232,Now Dray has a crush on the LeGoat
1186,5046974,5046.974,151409,LeLeader
1187,5049741,5049.741,151492,;ets go celtics
1188,5052628,5052.628,151578,@Josiah I ain’t no hater
1189,5053582,5053.582,151607,LeBest
1190,5054208,5054.208,151626,Tied up
1191,5055624,5055.624,151668,LeBot
1192,5059042,5059.042,151771,八村塁
1193,5060064,5060.064,151801,i could never make a player my goat who signature shoe is with under armor..Foh
1194,5062019,5062.019,151860,LeGreen
1195,5062622,5062.622,151878,@Josiah he cant that's why he just commenting here.
1196,5062833,5062.833,151884,LETS GO CELTICS
1197,5063303,5063.303,151899,LeGod
1198,5064885,5064.885,151946,Leading scorer of the nba prolly the same age as your moms lmaoo he finna make anotha baby w ayesha
1199,5065368,5065.368,151961,LeRobot
1200,5067021,5067.021,152010,LeGend
1201,5072636,5072.636,152179,LeBot
1202,5074898,5074.898,152246,Imagine curry surpassing kobe with five rings
1203,5077935,5077.935,152338,LeBron back on 23 number?
1204,5078352,5078.352,152350,LeWorst
1205,5078600,5078.6,152358,LEGOAT
1206,5081025,5081.025,152430,LeSeeing3Rims
1207,5082292,5082.292,152468,ong if that shi happened to curry @Dontez Bryant would've cried for him
1208,5082726,5082.726,152481,Celtics? Where did that come from bud
1209,5084474,5084.474,152534,LeBot
1210,5092499,5092.499,152774,LeGreatest
1211,5092618,5092.618,152778,LeBot
1212,5096717,5096.717,152901,lehomewopùùùù
1213,5096885,5096.885,152906,LeGend
1214,5101630,5101.63,153048,LeAss
1215,5102161,5102.161,153064,@RGS nah
1216,5106020,5106.02,153180,Donkey
1217,5106307,5106.307,153189,LEGOAT
1218,5107377,5107.377,153221,LeCurrysSon
1219,5108120,5108.12,153243,LeBot
1220,5108364,5108.364,153250,Lebron is still on six this game is from 2021 thats why
1221,5109137,5109.137,153274,LeBanese
1222,5113297,5113.297,153398,its coming
1223,5113849,5113.849,153415,LECLOROQUINE
1224,5114723,5114.723,153441,Steph the goat
1225,5121142,5121.142,153634,nba refs are bad change my mind
1226,5122651,5122.651,153679,LeLe
1227,5124526,5124.526,153735,legoat
1228,5126840,5126.84,153805,LeRefs
1229,5129538,5129.538,153886,LeTtuce
1230,5129832,5129.832,153894,Moving Screens and GSW name a better duo
1231,5133493,5133.493,154004,LEGOAT
1232,5134056,5134.056,154021,LeOvertimeMegan
1233,5135292,5135.292,154058,LeBeast
1234,5136869,5136.869,154106,LeBrick
1235,5138610,5138.61,154158,Lal
1236,5140007,5140.007,154200,Flashback to when Lebron wore the number 23
1237,5141437,5141.437,154243,LeGoated
1238,5143917,5143.917,154317,Tell curry get a nike deal..then me might take him serious
1239,5144228,5144.228,154326,its coming
1240,5145756,5145.756,154372,Lebetter than strash curry
1241,5146853,5146.853,154405,LeChoke
1242,5147909,5147.909,154437,AD a beast
1243,5148697,5148.697,154460,LePaytherefs
1244,5150037,5150.037,154501,go dubs
1245,5155585,5155.585,154667,LeNo.1Scorer
1246,5155978,5155.978,154679,Imagine curry surpassing kobe with five rings curry = new goat
1247,5157143,5157.143,154714,LeGod
1248,5160734,5160.734,154822,BS foul
1249,5162386,5162.386,154871,LePlaymaker
1250,5162932,5162.932,154887,Is this live or is this old
1251,5165426,5165.426,154962,LeKing
1252,5171540,5171.54,155146,LeClutch
1253,5172440,5172.44,155173,its live bro wym
1254,5172937,5172.937,155188,old
1255,5172937,5172.937,155188,this is live
1256,5176204,5176.204,155286,That’s not even a foul
1257,5179785,5179.785,155393,What’s old?
1258,5181220,5181.22,155436,@n1klasツ seems like you can't read.
1259,5182592,5182.592,155477,Lebackboard
1260,5185604,5185.604,155568,Your momma
1261,5188758,5188.758,155662,its a livestream of an old game
1262,5190239,5190.239,155707,"this is live, Caruso went back"
1263,5191444,5191.444,155743,Lebron James
1264,5192890,5192.89,155786,LeGreatest
1265,5192974,5192.974,155789,Ha Curry got 35 points now what
1266,5194516,5194.516,155835,Le3-1
1267,5196633,5196.633,155898,@NJ2K21 Fr
1268,5199187,5199.187,155975,Lakers won
1269,5201301,5201.301,156039,Dontez Byant Fake warriors fan check
1270,5201381,5201.381,156041,Its coming yall
1271,5201536,5201.536,156046,"this is live, we are in covid"
1272,5201585,5201.585,156047,les lakers vont tellement froisser la petite nation qu'est les gsw
1273,5202667,5202.667,156080,Imagine curry surpassing kobe with five rings curry = new goat
1274,5202832,5202.832,156084,Le(3-1)comeback
1275,5205183,5205.183,156155,35 and still lost
1276,5208987,5208.987,156269,godubs
1277,5213562,5213.562,156406,"This is a live premier of the 2021 play in game, the game is old but they're streaming it live"
1278,5213929,5213.929,156417,@n1klasツ Warriors & Lakers Instant Classic - 2021 Play-In Tournament
1279,5214175,5214.175,156425,it seems your 15
1280,5216300,5216.3,156489,kobe elecptern
1281,5216430,5216.43,156492,Every lakers fan in here Real not Fake check
1282,5218616,5218.616,156558,Its about damn time
1283,5221347,5221.347,156640,@Dontez Bryant LeChoke? who lost up 3-1 at the finals with a 73-9 record at the rgular season?
1284,5221422,5221.422,156642,Imagine curry surpassing kobe with five rings curry = new goat
1285,5225245,5225.245,156757,37 and a Big L
1286,5225488,5225.488,156764,wdym ITS 2021 RN!
1287,5228732,5228.732,156861,Omg
1288,5229420,5229.42,156882,I guarantee that LeClutch hits the game winner while seeing 3 baskets
1289,5229723,5229.723,156891,BANGGGGGGGGGGGG
1290,5230315,5230.315,156909,LeClutch
1291,5230671,5230.671,156920,Dubs lost cause they got Mulder/Baze out there in the 4th lol
1292,5231623,5231.623,156948,Baaang
1293,5232204,5232.204,156966,BANGGGG
1294,5234499,5234.499,157034,LeBron Goat
1295,5235843,5235.843,157075,LeCLUTCH
1296,5236162,5236.162,157084,LEBRONNNNNNNNNNNNNN
1297,5236693,5236.693,157100,One eye
1298,5236948,5236.948,157108,bang
1299,5237108,5237.108,157113,Leseeing3rims
1300,5237246,5237.246,157117,James!!!!!! LECLUTCH
1301,5237311,5237.311,157119,GOAT JAMES
1302,5237320,5237.32,157119,BAAANG
1303,5237547,5237.547,157126,damn
1304,5238010,5238.01,157140,BANGGGGGGGGG
1305,5238324,5238.324,157149,LeChoke
1306,5239098,5239.098,157172,BOOOOOOOOOOOOOOOOOOOOOOOOOOOM
1307,5239372,5239.372,157181,banggggggggg
1308,5239528,5239.528,157185,BANG
1309,5240008,5240.008,157200,Yay Lakers Let’s go
1310,5240220,5240.22,157206,waaaaaaaaaaaaaa
1311,5241964,5241.964,157258,LeThreeRims
1312,5242392,5242.392,157271,BANGGGGGG
1313,5243008,5243.008,157290,LER GAY
1314,5243174,5243.174,157295,Bangggggg
1315,5243650,5243.65,157309,LeLucky
1316,5243705,5243.705,157311,Bron clutch
1317,5243867,5243.867,157316,LE3RIMS
1318,5245422,5245.422,157362,LEGAY
1319,5246897,5246.897,157406,Bang
1320,5247808,5247.808,157434,Dam LeBron with a banger and Drake loving it
1321,5248055,5248.055,157441,3 RIMS
1322,5248130,5248.13,157443,LEGAY
1323,5248547,5248.547,157456,3333333333
1324,5249210,5249.21,157476,Legoat
1325,5249297,5249.297,157478,Drake likes it
1326,5249848,5249.848,157495,we forgot that it was almost a travel on KCP lmao
1327,5249886,5249.886,157496,Drizzy
1328,5250431,5250.431,157512,drake is loving it
1329,5252103,5252.103,157563,LEGAY
1330,5253718,5253.718,157611,Foul
1331,5253878,5253.878,157616,Curchoke
1332,5255134,5255.134,157654,BAAAANNNGGGG
1333,5258084,5258.084,157742,LeForever
1334,5260672,5260.672,157820,LEGAY
1335,5261295,5261.295,157838,Curchoke
1336,5265364,5265.364,157960,LeCLUTCH
1337,5266867,5266.867,158006,LeGay
1338,5268420,5268.42,158052,Curry fans in shambles watching them lose
1339,5269588,5269.588,158087,bang
1340,5270824,5270.824,158124,LeBestPlayerEver
1341,5271340,5271.34,158140,look at curry looking to chuck a three…eff outta here!!!!
1342,5272006,5272.006,158160,LEGAY
1343,5272221,5272.221,158166,goat
1344,5272798,5272.798,158183,poole aint clutch
1345,5272803,5272.803,158184,Legoat
1346,5273188,5273.188,158195,Splash nephew
1347,5274006,5274.006,158220,Lakers lead!!!
1348,5274216,5274.216,158226,LeDagger
1349,5274494,5274.494,158234,LeNo
1350,5276283,5276.283,158288,It was a foul
1351,5280441,5280.441,158413,LEGAY
1352,5282726,5282.726,158481,WHAT HAPPENED WARRIORS FANS
1353,5284697,5284.697,158540,Foul
1354,5285304,5285.304,158559,LEGAY
1355,5285594,5285.594,158567,wow poole been missing clutch shots
1356,5291327,5291.327,158739,Curchoke
1357,5292970,5292.97,158789,LeHIM
1358,5299882,5299.882,158996,Klay woulda made that
1359,5300011,5300.011,159000,lebum
1360,5302065,5302.065,159061,curry on lock…hahahaha
1361,5311618,5311.618,159348,LEGAY
1362,5313559,5313.559,159406,Lmaoooo was gonna be an air ball by Wiggins
1363,5316006,5316.006,159480,Imagine curry surpassing kobe with five rings curry = new goat
1364,5317339,5317.339,159520,Le3Rims owns Curry
1365,5318568,5318.568,159557,No Help
1366,5318632,5318.632,159558,It’s not happening tonight
1367,5323314,5323.314,159699,kerr shouldve called T earlier
1368,5325054,5325.054,159751,LEGAY
1369,5325607,5325.607,159768,LeICantSee
1370,5328301,5328.301,159849,oh yeaaa that by curry locked in
1371,5330071,5330.071,159902,ngl curry had no help
1372,5337285,5337.285,160118,LEGOAT owns Curru
1373,5339201,5339.201,160176,"Jordan ""The New JR Smith"" Poole"
1374,5339817,5339.817,160194,LeCLUTCH
1375,5340591,5340.591,160217,Lucky ahh 3
1376,5340598,5340.598,160217,@Dontez bryant what happened bandwagon
1377,5345367,5345.367,160361,Over curry too
1378,5354800,5354.8,160644,curry vs lakers
1379,5356151,5356.151,160684,On Currys head top
1380,5358072,5358.072,160742,LEGAY
1381,5358307,5358.307,160749,That was a lucky shot by LeBron
1382,5359217,5359.217,160776,damn..
1383,5359397,5359.397,160781,LAKERS OWN THE WARRIORS
1384,5359659,5359.659,160789,One eyed 3
1385,5365173,5365.173,160955,@EasyMoneySniper this game already happened they not doing that tonight
1386,5367510,5367.51,161025,look him in tha eyes
1387,5368525,5368.525,161055,"""I can't even see"""
1388,5370576,5370.576,161117,Cal
1389,5372389,5372.389,161171,legoat
1390,5373242,5373.242,161197,He needs LeGoggles
1391,5373531,5373.531,161205,LEGAY
1392,5375269,5375.269,161258,Hahahaaha
1393,5375995,5375.995,161279,he couldnt even see..u heard him curry!! lets goooooo
1394,5376425,5376.425,161292,Warriors own Lakers
1395,5380868,5380.868,161426,Lego at
1396,5381687,5381.687,161450,LEGAY
1397,5381698,5381.698,161450,LeClutch
1398,5383639,5383.639,161509,goat
1399,5388281,5388.281,161648,LEGAY
1400,5388516,5388.516,161655,Legoat
1401,5388735,5388.735,161662,Legoat
1402,5391243,5391.243,161737,I remember this game
1403,5393177,5393.177,161795,LeBlurry
1404,5396458,5396.458,161893,Curry can’t be clutch like Bron lol. He can’t even get open in the clutch
1405,5397261,5397.261,161917,LEGAY
1406,5398264,5398.264,161947,legoat yessssssssir
1407,5400047,5400.047,162001,Warriors are a small franchise
1408,5400136,5400.136,162004,Lebetter than curry teash
1409,5400221,5400.221,162006,@Dontez Bryant you just speaking nonsense.
1410,5400585,5400.585,162017,LeGay
1411,5403488,5403.488,162104,LEGAY
1412,5407357,5407.357,162220,AD steal
1413,5407578,5407.578,162227,XDDDD
1414,5408216,5408.216,162246,3k viewers grand final basketball game LMAOOOOO
1415,5410402,5410.402,162312,Game over
1416,5411072,5411.072,162332,CURCHOKE
1417,5412754,5412.754,162382,LEGOAT
1418,5413795,5413.795,162413,LeCLUTCH
1419,5416637,5416.637,162499,HAHA
1420,5417808,5417.808,162534,LECLUTCH
1421,5419486,5419.486,162584,LEGOAT
1422,5419914,5419.914,162597,noooooooooooooooooooo niggaù
1423,5420159,5420.159,162604,@Dontez Bryant is the biggest curry meat glazzer
1424,5421437,5421.437,162643,Gg Lakers You won the game
1425,5422393,5422.393,162671,LECLUTCH
1426,5424521,5424.521,162735,LECLUTCH
1427,5424782,5424.782,162743,Bye Bye
1428,5424817,5424.817,162744,LeKing
1429,5424855,5424.855,162745,le it dont matter because BUCKS IN 6
1430,5425352,5425.352,162760,LEHATERS CRYING AGAIN
1431,5425967,5425.967,162779,LeMadeDaPlayoffs
1432,5426216,5426.216,162786,Yes Lakers
1433,5427054,5427.054,162811,CURCHOKE
1434,5428822,5428.822,162864,Lethreee
1435,5429995,5429.995,162899,Just like Lakers in 6 in 2023
1436,5433785,5433.785,163013,@NJ2K21 I’m not you a Lakers fan and we better Warriors in 6
1437,5434364,5434.364,163030,LECLUTCH
1438,5436784,5436.784,163103,LEGOAT
1439,5438715,5438.715,163161,LeGoat
1440,5440129,5440.129,163203,LEGOAT
1441,5442265,5442.265,163267,Stephen queery
1442,5442509,5442.509,163275,MAN BRO
1443,5443205,5443.205,163296,レブロン
1444,5448854,5448.854,163465,Le injured
1445,5450100,5450.1,163503,Curry choked lol can’t even catch
1446,5451766,5451.766,163552,"Gsw Win against lebron in 15,17 and 18 and that wont happen again this series"
1447,5451808,5451.808,163554,LAKERS IN 5
1448,5453352,5453.352,163600,LeThreeRims
1449,5453398,5453.398,163601,BYE BYE CURRY
1450,5454517,5454.517,163635,imma give him lebackshots
1451,5455689,5455.689,163670,LeNBA
1452,5455855,5455.855,163675,Jordan Poole been on his choking behavior for years now lol
1453,5456993,5456.993,163709,I love LA!
1454,5458800,5458.8,163764,what year was this?
1455,5467133,5467.133,164013,2021 @Dhruva Panyam
1456,5468689,5468.689,164060,oloko
1457,5469482,5469.482,164084,I love LA!!!
1458,5470290,5470.29,164108,They lost against grizzlies
1459,5470909,5470.909,164127,Curry not worried abt his bum self
1460,5472000,5472.0,164160,ty!
1461,5473126,5473.126,164193,2021 playin
1462,5475354,5475.354,164260,"@Dontez Bryant im no lakers fan, im a bron fan. wherever he goes, i go"
1463,5476163,5476.163,164284,Curry choking like always
1464,5484661,5484.661,164539,is this the ;layoff?
1465,5485562,5485.562,164566,Ja morant
1466,5486042,5486.042,164581,poole is annoying af
1467,5491905,5491.905,164757,BRB
1468,5494502,5494.502,164835,wait when was this?
1469,5495681,5495.681,164870,@NJ2K21 yeah you’re the real bandwagon
1470,5496147,5496.147,164884,Poole sucks
1471,5499024,5499.024,164970,LeStoryTeller
1472,5508540,5508.54,165256,pls someone tell me when this was?
1473,5515840,5515.84,165475,@Dontez Bryant ong i can tell you're a casual
1474,5515862,5515.862,165475,what year?
1475,5518042,5518.042,165541,Rachel gonna meet jimmy after
1476,5523515,5523.515,165705,LEFLOP
1477,5525429,5525.429,165762,2021
1478,5530455,5530.455,165913,I hit dat
1479,5531080,5531.08,165932,ok
1480,5532472,5532.472,165974,ty
1481,5535262,5535.262,166057,I hit dat
1482,5536191,5536.191,166085,Poole does not suck
1483,5542178,5542.178,166265,lebron
1484,5546397,5546.397,166391,Goat James
1485,5549336,5549.336,166480,LEFLOP
1486,5549967,5549.967,166499,LEFLOP
1487,5550646,5550.646,166519,LEFLOP
1488,5551288,5551.288,166538,LEFLOP
1489,5551362,5551.362,166540,Poole is dropping 30 toninght
1490,5552011,5552.011,166560,LEFLOP
1491,5552674,5552.674,166580,LEFLOP
1492,5560924,5560.924,166827,yall really acting like this wasnt just 2seasons ago
1493,5561333,5561.333,166839,Way better than Jordan
1494,5562622,5562.622,166878,Le3Rims
1495,5563139,5563.139,166894,?
1496,5568404,5568.404,167052,poole aint dropping no 30
1497,5571694,5571.694,167150,JRdan Poole
1498,5573596,5573.596,167207,legod
1499,5575459,5575.459,167263,Rachel no longer with ESPN
1500,5575804,5575.804,167274,@Connor Gardener Poole been selling Bro
1501,5578876,5578.876,167366,LeCap
1502,5579195,5579.195,167375,Le3rims straight cap
1503,5590638,5590.638,167719,lePoole
1504,5591425,5591.425,167742,"LEGOAT, LeGEND, LeGreatest"
1505,5597781,5597.781,167933,go to hell
1506,5601673,5601.673,168050,poopoole
1507,5603338,5603.338,168100,LeBron
1508,5603895,5603.895,168116,Better you get ready for tonight.... lakers in 5
1509,5607436,5607.436,168223,میو
1510,5607863,5607.863,168235,The game is still over
1511,5610206,5610.206,168306,"bronsexuals, back at it"
1512,5613670,5613.67,168410,Lepoopi
1513,5614660,5614.66,168439,poole gonna choke again tonight
1514,5615263,5615.263,168457,"ong if curry said ""i saw 3 rims"" yall would've been on his meat forever"
1515,5617645,5617.645,168529,KING JAMES
1516,5622253,5622.253,168667,Poole gonna lose
1517,5622657,5622.657,168679,LeBron
1518,5631507,5631.507,168945,LEBRON IS THE GOAT
1519,5639756,5639.756,169192,lepork
1520,5640240,5640.24,169207,Last year gsw fans saying that poole is the next curry and now your saying that his selling games lmao
1521,5641195,5641.195,169235,Which team wins
1522,5648565,5648.565,169456,can't wait for the warriors to shoot 50 3s and miss 50% of em
1523,5648923,5648.923,169467,w chat
1524,5651141,5651.141,169534,LEBRON EL MEJOR
