quarter,time,team,action,points,score,frame_id
1,0.0,golden_state,Jump ball: K. Looney vs. A. Drummond (L. James gains possession),,,
1,11:37.0,la_lakers,A. Davis misses 2-pt jump shot from 15 ft,,0-0,
1,11:34.0,golden_state,Defensive rebound by S. Curry,,0-0,
1,11:23.0,golden_state,A. Wiggins makes 2-pt layup from 2 ft (assist by D. Green),+2,2-0,
1,11:10.0,la_lakers,A. Drummond makes 2-pt dunk from 1 ft (assist by D. Schröder),+2,2-2,
1,10:55.0,golden_state,K. Bazemore makes 3-pt jump shot from 27 ft (assist by S. Curry),+3,5-2,
1,10:35.0,la_lakers,D. Schröder misses 2-pt jump shot from 12 ft,,5-2,
1,10:31.0,golden_state,Defensive rebound by D. Green,,5-2,
1,10:21.0,golden_state,A. Wiggins makes 2-pt jump shot from 16 ft,+2,7-2,
1,10:04.0,la_lakers,A. Davis misses 2-pt layup from 4 ft,,7-2,
1,10:01.0,golden_state,Defensive rebound by K. Looney,,7-2,
1,9:43.0,golden_state,K. Bazemore misses 2-pt jump shot from 15 ft,,7-2,
1,9:37.0,golden_state,Offensive rebound by K. Looney,,7-2,
1,9:35.0,golden_state,K. Looney makes 2-pt jump shot from 8 ft,+2,9-2,
1,9:26.0,la_lakers,D. Schröder misses 2-pt layup from 2 ft,,9-2,
1,9:23.0,golden_state,Defensive rebound by K. Looney,,9-2,
1,9:10.0,golden_state,Turnover by S. Curry (bad pass; steal by A. Davis),,9-2,
1,9:03.0,la_lakers,A. Davis misses 3-pt jump shot from 25 ft,,9-2,
1,9:00.0,golden_state,Defensive rebound by Team,,9-2,
1,9:00.0,la_lakers,Loose ball foul by A. Drummond (drawn by K. Bazemore),,9-2,
1,8:43.0,golden_state,K. Looney misses 2-pt dunk from 2 ft (block by A. Drummond),,9-2,
1,8:40.0,la_lakers,Defensive rebound by A. Davis,,9-2,
1,8:34.0,la_lakers,A. Davis misses 2-pt layup from 2 ft (block by D. Green),,9-2,
1,8:29.0,la_lakers,Offensive rebound by L. James,,9-2,
1,8:29.0,la_lakers,L. James makes 2-pt layup at rim,+2,9-4,
1,8:22.0,golden_state,S. Curry misses 2-pt layup from 4 ft,,9-4,
1,8:20.0,golden_state,Offensive rebound by K. Looney,,9-4,
1,8:18.0,golden_state,K. Bazemore makes 3-pt jump shot from 23 ft (assist by K. Looney),+3,12-4,
1,8:18.0,la_lakers,LA Lakers full timeout,,12-4,
1,7:57.0,la_lakers,L. James misses 2-pt jump shot from 8 ft (block by A. Wiggins),,12-4,
1,7:56.0,la_lakers,Offensive rebound by L. James,,12-4,
1,7:53.0,la_lakers,L. James misses 2-pt jump shot from 13 ft,,12-4,
1,7:53.0,la_lakers,Offensive rebound by Team,,12-4,
1,7:53.0,la_lakers,Turnover by Team (shot clock),,12-4,
1,7:38.0,golden_state,A. Wiggins makes 3-pt jump shot from 23 ft,+3,15-4,
1,7:11.0,la_lakers,L. James misses 3-pt jump shot from 25 ft,,15-4,
1,7:10.0,golden_state,Defensive rebound by D. Green,,15-4,
1,7:02.0,golden_state,Turnover by K. Bazemore (bad pass; steal by A. Davis),,15-4,
1,7:02.0,golden_state,Jump ball: A. Davis vs. K. Looney (A. Drummond gains possession),,,
1,6:40.0,la_lakers,K. Caldwell-Pope makes 3-pt jump shot from 22 ft (assist by A. Davis),+3,15-7,
1,6:17.0,golden_state,A. Wiggins misses 3-pt jump shot from 27 ft,,15-7,
1,6:13.0,la_lakers,Defensive rebound by A. Drummond,,15-7,
1,5:56.0,la_lakers,Shooting foul by K. Bazemore (drawn by L. James),,15-7,
1,5:56.0,la_lakers,L. James makes free throw 1 of 2,+1,15-8,
1,5:56.0,golden_state,M. Mulder enters the game for K. Looney,,15-8,
1,5:56.0,golden_state,J. Toscano-Anderson enters the game for A. Wiggins,,15-8,
1,5:56.0,la_lakers,L. James makes free throw 2 of 2,+1,15-9,
1,5:46.0,golden_state,S. Curry misses 3-pt jump shot from 26 ft,,15-9,
1,5:43.0,golden_state,Offensive rebound by J. Toscano-Anderson,,15-9,
1,5:42.0,golden_state,D. Green misses 3-pt jump shot from 27 ft,,15-9,
1,5:39.0,la_lakers,Defensive rebound by A. Drummond,,15-9,
1,5:31.0,la_lakers,Turnover by A. Davis (lost ball; steal by K. Bazemore),,15-9,
1,5:26.0,golden_state,K. Bazemore misses 2-pt jump shot from 7 ft,,15-9,
1,5:24.0,la_lakers,Defensive rebound by K. Caldwell-Pope,,15-9,
1,5:19.0,la_lakers,D. Schröder misses 3-pt jump shot from 22 ft,,15-9,
1,5:15.0,la_lakers,Offensive rebound by L. James,,15-9,
1,5:12.0,la_lakers,Shooting foul by J. Toscano-Anderson (drawn by L. James),,15-9,
1,5:12.0,la_lakers,L. James misses free throw 1 of 2,,15-9,
1,5:12.0,la_lakers,Offensive rebound by Team,,15-9,
1,5:12.0,la_lakers,A. Caruso enters the game for D. Schröder,,15-9,
1,5:12.0,la_lakers,L. James makes free throw 2 of 2,+1,15-10,
1,4:59.0,golden_state,S. Curry makes 2-pt jump shot from 8 ft (assist by D. Green),+2,17-10,
1,4:43.0,la_lakers,K. Caldwell-Pope makes 3-pt jump shot from 22 ft (assist by L. James),+3,17-13,
1,4:35.0,golden_state,Golden State full timeout,,17-13,
1,4:35.0,la_lakers,K. Kuzma enters the game for L. James,,17-13,
1,4:25.0,golden_state,M. Mulder misses 3-pt jump shot from 24 ft,,17-13,
1,4:23.0,la_lakers,Defensive rebound by A. Drummond,,17-13,
1,4:13.0,la_lakers,A. Caruso makes 3-pt jump shot from 26 ft (assist by K. Kuzma),+3,17-16,
1,4:00.0,golden_state,Shooting foul by A. Drummond (drawn by D. Green),,17-16,
1,4:00.0,golden_state,D. Green makes free throw 1 of 2,+1,18-16,
1,4:00.0,la_lakers,M. Harrell enters the game for A. Drummond,,18-16,
1,4:00.0,golden_state,D. Green makes free throw 2 of 2,+1,19-16,
1,3:40.0,la_lakers,Turnover by A. Davis (bad pass; steal by K. Bazemore),,19-16,
1,3:36.0,golden_state,Shooting foul by A. Davis (drawn by K. Bazemore),,19-16,
1,3:36.0,golden_state,K. Bazemore makes free throw 1 of 2,+1,20-16,
1,3:36.0,golden_state,K. Bazemore misses free throw 2 of 2,,20-16,
1,3:32.0,golden_state,Offensive rebound by K. Bazemore,,20-16,
1,3:28.0,golden_state,J. Toscano-Anderson misses 3-pt jump shot from 23 ft,,20-16,
1,3:25.0,la_lakers,Defensive rebound by K. Caldwell-Pope,,20-16,
1,3:06.0,la_lakers,A. Davis misses 2-pt jump shot from 15 ft,,20-16,
1,3:03.0,golden_state,Defensive rebound by J. Toscano-Anderson,,20-16,
1,2:53.0,golden_state,Turnover by S. Curry (lost ball; steal by K. Kuzma),,20-16,
1,2:49.0,la_lakers,A. Caruso makes 2-pt layup from 2 ft (assist by K. Kuzma),+2,20-18,
1,2:23.0,golden_state,S. Curry misses 2-pt jump shot from 17 ft,,20-18,
1,2:23.0,la_lakers,Defensive rebound by K. Kuzma,,20-18,
1,2:15.0,la_lakers,K. Kuzma misses 3-pt jump shot from 25 ft,,20-18,
1,2:15.0,la_lakers,Offensive rebound by Team,,20-18,
1,2:13.0,golden_state,Loose ball foul by M. Mulder (drawn by M. Harrell),,20-18,
1,2:13.0,la_lakers,D. Schröder enters the game for K. Caldwell-Pope,,20-18,
1,2:13.0,golden_state,Technical foul by D. Green,,20-18,
1,2:13.0,la_lakers,A. Davis makes technical free throw,+1,20-19,
1,2:13.0,golden_state,A. Wiggins enters the game for K. Bazemore,,20-19,
1,2:04.0,la_lakers,Turnover by A. Caruso (bad pass),,20-19,
1,1:49.0,golden_state,M. Mulder makes 2-pt dunk from 1 ft (assist by D. Green),+2,22-19,
1,1:37.0,la_lakers,A. Davis misses 2-pt jump shot from 15 ft,,22-19,
1,1:35.0,golden_state,Defensive rebound by S. Curry,,22-19,
1,1:31.0,golden_state,S. Curry misses 3-pt jump shot from 34 ft,,22-19,
1,1:28.0,la_lakers,Defensive rebound by A. Davis,,22-19,
1,1:16.0,la_lakers,M. Harrell misses 2-pt hook shot from 5 ft,,22-19,
1,1:10.0,la_lakers,Offensive rebound by K. Kuzma,,22-19,
1,1:09.0,la_lakers,D. Schröder misses 3-pt jump shot from 26 ft,,22-19,
1,1:04.0,golden_state,Defensive rebound by S. Curry,,22-19,
1,1:02.0,golden_state,S. Curry makes 2-pt layup from 2 ft,+2,24-19,
1,1:02.0,golden_state,Shooting foul by K. Kuzma (drawn by S. Curry),,24-19,
1,1:02.0,golden_state,S. Curry makes free throw 1 of 1,+1,25-19,
1,0:55.0,la_lakers,A. Davis makes 2-pt jump shot from 12 ft (assist by D. Schröder),+2,25-21,
1,0:46.0,golden_state,J. Toscano-Anderson makes 3-pt jump shot from 25 ft (assist by S. Curry),+3,28-21,
1,0:32.0,la_lakers,D. Schröder misses 2-pt jump shot from 12 ft (block by M. Mulder),,28-21,
1,0:30.0,golden_state,Defensive rebound by M. Mulder,,28-21,
1,0:30.0,golden_state,Turnover by M. Mulder (bad pass; steal by M. Harrell),,28-21,
1,0:30.0,la_lakers,Shooting foul by J. Toscano-Anderson (drawn by M. Harrell),,28-21,
1,0:30.0,la_lakers,M. Harrell makes free throw 1 of 2,+1,28-22,
1,0:30.0,golden_state,K. Looney enters the game for J. Toscano-Anderson,,28-22,
1,0:30.0,la_lakers,M. Harrell misses free throw 2 of 2,,28-22,
1,0:27.0,golden_state,Defensive rebound by K. Looney,,28-22,
1,0:07.0,golden_state,A. Wiggins misses 3-pt jump shot from 23 ft,,28-22,
1,0:04.0,la_lakers,Defensive rebound by D. Schröder,,28-22,
1,0:01.0,la_lakers,A. Davis misses 3-pt jump shot from 26 ft,,28-22,
1,0:00.0,la_lakers,Offensive rebound by Team,,28-22,
1,0:00.0,golden_state,End of 1st quarter,,,
2,12:00.0,golden_state,Start of 2nd quarter,,,
2,11:46.0,golden_state,Turnover by J. Toscano-Anderson (bad pass; steal by T. Horton-Tucker),,28-22,
2,11:30.0,la_lakers,T. Horton-Tucker makes 3-pt jump shot from 25 ft (assist by L. James),+3,28-25,
2,11:13.0,golden_state,J. Poole misses 2-pt jump shot from 7 ft,,28-25,
2,11:09.0,golden_state,Offensive rebound by K. Looney,,28-25,
2,11:09.0,golden_state,K. Looney misses 2-pt layup at rim,,28-25,
2,11:09.0,la_lakers,Defensive rebound by M. Harrell,,28-25,
2,11:03.0,la_lakers,L. James misses 2-pt layup from 4 ft,,28-25,
2,11:00.0,golden_state,Defensive rebound by K. Looney,,28-25,
2,10:49.0,golden_state,M. Mulder makes 3-pt jump shot from 24 ft (assist by J. Toscano-Anderson),+3,31-25,
2,10:34.0,la_lakers,D. Schröder misses 2-pt layup from 3 ft,,31-25,
2,10:31.0,golden_state,Defensive rebound by K. Looney,,31-25,
2,10:16.0,golden_state,J. Toscano-Anderson misses 3-pt jump shot from 25 ft,,31-25,
2,10:13.0,golden_state,Offensive rebound by K. Looney,,31-25,
2,10:11.0,golden_state,M. Mulder misses 3-pt jump shot from 26 ft,,31-25,
2,10:05.0,la_lakers,Defensive rebound by M. Harrell,,31-25,
2,9:54.0,la_lakers,D. Schröder misses 3-pt jump shot from 22 ft,,31-25,
2,9:51.0,la_lakers,Offensive rebound by D. Schröder,,31-25,
2,9:43.0,la_lakers,K. Kuzma misses 3-pt jump shot from 23 ft,,31-25,
2,9:42.0,golden_state,Defensive rebound by Team,,31-25,
2,9:27.0,golden_state,K. Looney misses 2-pt jump shot from 11 ft,,31-25,
2,9:24.0,la_lakers,Defensive rebound by L. James,,31-25,
2,9:11.0,la_lakers,Shooting foul by K. Looney (drawn by M. Harrell),,31-25,
2,9:11.0,la_lakers,M. Harrell makes free throw 1 of 2,+1,31-26,
2,9:11.0,la_lakers,A. Caruso enters the game for D. Schröder,,31-26,
2,9:11.0,la_lakers,M. Harrell misses free throw 2 of 2,,31-26,
2,9:08.0,la_lakers,Offensive rebound by K. Kuzma,,31-26,
2,8:56.0,la_lakers,Offensive foul by T. Horton-Tucker (drawn by J. Toscano-Anderson),,31-26,
2,8:56.0,la_lakers,Turnover by T. Horton-Tucker (offensive foul),,31-26,
2,8:45.0,golden_state,A. Wiggins misses 2-pt layup from 4 ft (block by A. Caruso),,31-26,
2,8:44.0,golden_state,Offensive rebound by A. Wiggins,,31-26,
2,8:44.0,golden_state,Personal foul by A. Caruso (drawn by A. Wiggins),,31-26,
2,8:38.0,golden_state,Personal foul by A. Caruso (drawn by J. Poole),,31-26,
2,8:29.0,golden_state,J. Poole misses 3-pt jump shot from 29 ft,,31-26,
2,8:27.0,la_lakers,Defensive rebound by K. Kuzma,,31-26,
2,8:20.0,la_lakers,T. Horton-Tucker misses 3-pt jump shot from 27 ft,,31-26,
2,8:17.0,golden_state,Defensive rebound by K. Looney,,31-26,
2,7:56.0,golden_state,A. Wiggins makes 2-pt jump shot from 7 ft,+2,33-26,
2,7:43.0,la_lakers,M. Harrell misses 2-pt hook shot from 6 ft (block by K. Looney),,33-26,
2,7:40.0,golden_state,Defensive rebound by J. Toscano-Anderson,,33-26,
2,7:38.0,golden_state,J. Toscano-Anderson makes 2-pt layup from 2 ft,+2,35-26,
2,7:38.0,la_lakers,LA Lakers full timeout,,35-26,
2,7:25.0,la_lakers,L. James misses 2-pt layup from 3 ft (block by J. Toscano-Anderson),,35-26,
2,7:25.0,la_lakers,Offensive rebound by Team,,35-26,
2,7:18.0,la_lakers,L. James misses 2-pt layup from 3 ft,,35-26,
2,7:16.0,golden_state,Defensive rebound by K. Looney,,35-26,
2,7:03.0,golden_state,A. Wiggins misses 3-pt jump shot from 27 ft,,35-26,
2,7:01.0,la_lakers,Defensive rebound by Team,,35-26,
2,6:52.0,la_lakers,K. Kuzma makes 2-pt layup from 2 ft,+2,35-28,
2,6:32.0,golden_state,J. Toscano-Anderson misses 3-pt jump shot from 28 ft,,35-28,
2,6:30.0,la_lakers,Defensive rebound by M. Harrell,,35-28,
2,6:22.0,la_lakers,M. Harrell makes 2-pt dunk from 1 ft (assist by L. James),+2,35-30,
2,6:14.0,golden_state,Golden State full timeout,,35-30,
2,6:14.0,golden_state,K. Bazemore enters the game for K. Looney,,35-30,
2,6:14.0,golden_state,S. Curry enters the game for M. Mulder,,35-30,
2,6:14.0,golden_state,D. Green enters the game for A. Wiggins,,35-30,
2,6:14.0,la_lakers,K. Caldwell-Pope enters the game for M. Harrell,,35-30,
2,6:14.0,la_lakers,A. Davis enters the game for T. Horton-Tucker,,35-30,
2,6:14.0,la_lakers,A. Drummond enters the game for L. James,,35-30,
2,6:14.0,la_lakers,D. Schröder enters the game for K. Kuzma,,35-30,
2,6:04.0,golden_state,J. Poole makes 2-pt layup from 2 ft,+2,37-30,
2,5:54.0,la_lakers,A. Davis misses 3-pt jump shot from 26 ft,,37-30,
2,5:50.0,golden_state,Defensive rebound by S. Curry,,37-30,
2,5:44.0,golden_state,Shooting foul by A. Drummond (drawn by S. Curry),,37-30,
2,5:44.0,golden_state,S. Curry makes free throw 1 of 2,+1,38-30,
2,5:44.0,golden_state,S. Curry misses free throw 2 of 2,,38-30,
2,5:41.0,la_lakers,Defensive rebound by A. Drummond,,38-30,
2,5:28.0,la_lakers,Turnover by D. Schröder (bad pass; steal by D. Green),,38-30,
2,5:24.0,la_lakers,Violation by Team (kicked ball),,38-30,
2,5:15.0,golden_state,K. Bazemore misses 2-pt layup from 4 ft (block by A. Drummond),,38-30,
2,5:13.0,la_lakers,Defensive rebound by A. Davis,,38-30,
2,5:10.0,la_lakers,K. Caldwell-Pope misses 3-pt jump shot from 26 ft,,38-30,
2,5:07.0,la_lakers,Offensive rebound by K. Caldwell-Pope,,38-30,
2,5:01.0,la_lakers,Turnover by K. Caldwell-Pope (bad pass; steal by K. Bazemore),,38-30,
2,4:56.0,golden_state,J. Poole makes 2-pt layup from 3 ft,+2,40-30,
2,4:36.0,la_lakers,A. Caruso makes 3-pt jump shot from 23 ft (assist by D. Schröder),+3,40-33,
2,4:16.0,golden_state,K. Bazemore misses 2-pt hook shot from 6 ft,,40-33,
2,4:14.0,la_lakers,Defensive rebound by A. Drummond,,40-33,
2,4:13.0,la_lakers,Offensive foul by A. Davis (drawn by D. Green),,40-33,
2,4:13.0,la_lakers,Turnover by A. Davis (offensive foul),,40-33,
2,4:13.0,la_lakers,Technical foul by A. Davis,,40-33,
2,4:13.0,golden_state,Technical foul by J. Poole,,40-33,
2,4:13.0,golden_state,A. Wiggins enters the game for K. Bazemore,,40-33,
2,4:13.0,la_lakers,L. James enters the game for A. Drummond,,40-33,
2,4:02.0,golden_state,S. Curry makes 3-pt jump shot from 30 ft,+3,43-33,
2,3:39.0,la_lakers,Personal foul by J. Poole (drawn by A. Caruso),,43-33,
2,3:30.0,la_lakers,A. Davis makes 2-pt jump shot from 16 ft (assist by D. Schröder),+2,43-35,
2,3:17.0,golden_state,S. Curry makes 3-pt jump shot from 29 ft,+3,46-35,
2,2:52.0,la_lakers,A. Davis misses 2-pt jump shot from 16 ft,,46-35,
2,2:48.0,golden_state,Defensive rebound by J. Toscano-Anderson,,46-35,
2,2:44.0,golden_state,J. Toscano-Anderson misses 2-pt layup from 8 ft (block by K. Caldwell-Pope),,46-35,
2,2:42.0,la_lakers,Defensive rebound by L. James,,46-35,
2,2:39.0,la_lakers,D. Schröder misses 3-pt jump shot from 23 ft,,46-35,
2,2:35.0,la_lakers,Offensive rebound by L. James,,46-35,
2,2:33.0,la_lakers,A. Davis misses 2-pt layup from 2 ft (block by D. Green),,46-35,
2,2:33.0,golden_state,Defensive rebound by J. Toscano-Anderson,,46-35,
2,2:25.0,golden_state,S. Curry misses 2-pt layup from 3 ft (block by D. Schröder),,46-35,
2,2:23.0,la_lakers,Defensive rebound by A. Caruso,,46-35,
2,2:20.0,la_lakers,A. Caruso makes 2-pt layup from 3 ft,+2,46-37,
2,1:58.0,golden_state,J. Poole makes 3-pt jump shot from 25 ft (assist by D. Green),+3,49-37,
2,1:57.0,la_lakers,LA Lakers full timeout,,49-37,
2,1:45.0,la_lakers,Personal foul by S. Curry (drawn by A. Davis),,49-37,
2,1:43.0,la_lakers,Personal foul by A. Wiggins (drawn by L. James),,49-37,
2,1:43.0,la_lakers,L. James makes free throw 1 of 2,+1,49-38,
2,1:43.0,la_lakers,L. James misses free throw 2 of 2,,49-38,
2,1:40.0,golden_state,Defensive rebound by J. Poole,,49-38,
2,1:27.0,golden_state,S. Curry misses 3-pt jump shot from 27 ft,,49-38,
2,1:24.0,la_lakers,Defensive rebound by A. Caruso,,49-38,
2,1:06.0,la_lakers,K. Caldwell-Pope misses 3-pt jump shot from 23 ft,,49-38,
2,1:01.0,golden_state,Defensive rebound by A. Wiggins,,49-38,
2,0:54.0,golden_state,A. Wiggins misses 2-pt jump shot from 12 ft,,49-38,
2,0:51.0,la_lakers,Defensive rebound by L. James,,49-38,
2,0:48.0,la_lakers,A. Caruso makes 2-pt layup from 1 ft (assist by L. James),+2,49-40,
2,0:29.0,golden_state,J. Toscano-Anderson makes 3-pt jump shot from 30 ft (assist by J. Poole),+3,52-40,
2,0:10.0,la_lakers,D. Schröder makes 2-pt layup from 2 ft,+2,52-42,
2,0:00.0,golden_state,S. Curry makes 3-pt jump shot from 27 ft,+3,55-42,
2,0:01.0,golden_state,Instant Replay (Request: Ruling Stands),,55-42,
2,0:00.0,golden_state,End of 2nd quarter,,,
3,12:00.0,golden_state,Start of 3rd quarter,,,
3,11:49.0,golden_state,K. Bazemore misses 3-pt jump shot from 27 ft,,55-42,
3,11:48.0,la_lakers,Defensive rebound by Team,,55-42,
3,11:48.0,golden_state,Loose ball foul by K. Looney (drawn by A. Drummond),,55-42,
3,11:26.0,la_lakers,Shooting foul by D. Green (drawn by D. Schröder),,55-42,
3,11:26.0,la_lakers,D. Schröder makes free throw 1 of 2,+1,55-43,
3,11:26.0,la_lakers,D. Schröder makes free throw 2 of 2,+1,55-44,
3,11:09.0,golden_state,Turnover by D. Green (bad pass; steal by D. Schröder),,55-44,
3,11:04.0,la_lakers,L. James misses 2-pt jump shot from 10 ft,,55-44,
3,11:02.0,golden_state,Defensive rebound by K. Looney,,55-44,
3,10:57.0,golden_state,K. Bazemore misses 2-pt layup from 3 ft,,55-44,
3,10:54.0,la_lakers,Defensive rebound by A. Davis,,55-44,
3,10:48.0,la_lakers,Shooting foul by S. Curry (drawn by D. Schröder),,55-44,
3,10:48.0,la_lakers,D. Schröder makes free throw 1 of 2,+1,55-45,
3,10:48.0,la_lakers,D. Schröder makes free throw 2 of 2,+1,55-46,
3,10:34.0,golden_state,D. Green misses 2-pt layup from 5 ft (block by L. James),,55-46,
3,10:34.0,la_lakers,Defensive rebound by A. Drummond,,55-46,
3,10:32.0,la_lakers,L. James makes 2-pt layup from 2 ft (assist by A. Drummond),+2,55-48,
3,10:32.0,la_lakers,Shooting foul by A. Wiggins (drawn by L. James),,55-48,
3,10:32.0,golden_state,Golden State full timeout,,55-48,
3,10:32.0,la_lakers,L. James makes free throw 1 of 1,+1,55-49,
3,10:18.0,golden_state,A. Wiggins makes 2-pt layup from 3 ft (assist by D. Green),+2,57-49,
3,9:58.0,la_lakers,K. Caldwell-Pope makes 2-pt layup from 2 ft (assist by A. Davis),+2,57-51,
3,9:43.0,golden_state,S. Curry misses 2-pt jump shot from 9 ft,,57-51,
3,9:41.0,la_lakers,Defensive rebound by A. Davis,,57-51,
3,9:31.0,la_lakers,A. Davis misses 3-pt jump shot from 26 ft,,57-51,
3,9:28.0,golden_state,Defensive rebound by K. Bazemore,,57-51,
3,9:18.0,golden_state,Turnover by D. Green (bad pass; steal by K. Caldwell-Pope),,57-51,
3,9:17.0,la_lakers,Shooting foul by D. Green (drawn by K. Caldwell-Pope),,57-51,
3,9:17.0,la_lakers,K. Caldwell-Pope makes free throw 1 of 2,+1,57-52,
3,9:17.0,la_lakers,K. Caldwell-Pope makes free throw 2 of 2,+1,57-53,
3,8:55.0,golden_state,Turnover by D. Green (bad pass; steal by L. James),,57-53,
3,8:47.0,la_lakers,D. Schröder makes 3-pt jump shot from 26 ft (assist by L. James),+3,57-56,
3,8:37.0,golden_state,Personal foul by A. Davis (drawn by S. Curry),,57-56,
3,8:27.0,golden_state,Shooting foul by D. Schröder (drawn by S. Curry),,57-56,90331
3,8:27.0,golden_state,S. Curry makes free throw 1 of 3,+1,58-56,90331
3,8:27.0,golden_state,S. Curry makes free throw 2 of 3,+1,59-56,90331
3,8:27.0,golden_state,S. Curry makes free throw 3 of 3,+1,60-56,90331
3,8:10.0,la_lakers,A. Davis misses 3-pt jump shot from 24 ft,,60-56,92821
3,8:03.0,la_lakers,Offensive rebound by A. Drummond,,60-56,
3,7:58.0,la_lakers,A. Drummond misses 2-pt layup from 4 ft (block by K. Looney),,60-56,
3,7:56.0,golden_state,Defensive rebound by D. Green,,60-56,
3,7:49.0,golden_state,A. Wiggins makes 2-pt jump shot from 20 ft,+2,62-56,
3,7:30.0,la_lakers,L. James makes 2-pt jump shot from 16 ft,+2,62-58,
3,7:12.0,golden_state,Turnover by S. Curry (bad pass; steal by K. Caldwell-Pope),,62-58,
3,7:00.0,la_lakers,D. Schröder misses 2-pt jump shot from 11 ft,,62-58,
3,6:57.0,golden_state,Defensive rebound by D. Green,,62-58,
3,6:47.0,golden_state,K. Bazemore makes 3-pt jump shot from 23 ft (assist by A. Wiggins),+3,65-58,
3,6:46.0,la_lakers,LA Lakers full timeout,,65-58,
3,6:46.0,la_lakers,A. Caruso enters the game for L. James,,65-58,
3,6:22.0,la_lakers,A. Caruso misses 2-pt jump shot from 13 ft,,65-58,
3,6:22.0,la_lakers,Offensive rebound by Team,,65-58,
3,6:22.0,la_lakers,Turnover by Team (shot clock),,65-58,
3,6:06.0,golden_state,K. Looney makes 2-pt layup from 4 ft (assist by A. Wiggins),+2,67-58,
3,5:51.0,la_lakers,A. Drummond makes 2-pt hook shot from 3 ft,+2,67-60,
3,5:34.0,golden_state,S. Curry misses 2-pt jump shot from 6 ft,,67-60,
3,5:31.0,golden_state,Offensive rebound by K. Looney,,67-60,
3,5:31.0,golden_state,K. Looney makes 2-pt layup at rim,+2,69-60,
3,5:16.0,la_lakers,Turnover by A. Drummond (lost ball; steal by K. Bazemore),,69-60,
3,5:16.0,golden_state,Personal take foul by D. Schröder (drawn by K. Bazemore),,69-60,
3,5:16.0,golden_state,M. Mulder enters the game for K. Looney,,69-60,
3,5:16.0,golden_state,J. Toscano-Anderson enters the game for A. Wiggins,,69-60,
3,5:16.0,la_lakers,K. Kuzma enters the game for A. Drummond,,69-60,
3,5:16.0,la_lakers,W. Matthews enters the game for D. Schröder,,69-60,
3,5:07.0,golden_state,S. Curry makes 3-pt jump shot from 29 ft (assist by D. Green),+3,72-60,
3,4:56.0,la_lakers,Turnover by A. Caruso (lost ball; steal by K. Bazemore),,72-60,
3,4:52.0,golden_state,Turnover by S. Curry (lost ball; steal by A. Caruso),,72-60,
3,4:46.0,la_lakers,W. Matthews makes 3-pt jump shot from 25 ft (assist by A. Caruso),+3,72-63,
3,4:32.0,golden_state,Personal foul by K. Caldwell-Pope (drawn by S. Curry),,72-63,
3,4:27.0,golden_state,D. Green misses 2-pt layup from 4 ft (block by A. Davis),,72-63,
3,4:25.0,la_lakers,Defensive rebound by K. Kuzma,,72-63,
3,4:14.0,la_lakers,A. Davis makes 2-pt jump shot from 5 ft (assist by K. Caldwell-Pope),+2,72-65,
3,4:14.0,la_lakers,Shooting foul by K. Bazemore (drawn by A. Davis),,72-65,
3,4:14.0,la_lakers,A. Davis makes free throw 1 of 1,+1,72-66,
3,3:59.0,golden_state,S. Curry makes 2-pt layup from 4 ft (assist by K. Bazemore),+2,74-66,104461
3,3:59.0,la_lakers,Violation by Team (def goaltending),,74-66,104461
3,3:45.0,la_lakers,W. Matthews misses 3-pt jump shot from 27 ft,,74-66,105121
3,3:41.0,golden_state,Defensive rebound by S. Curry,,74-66,
3,3:34.0,golden_state,Turnover by S. Curry (back court),,74-66,106111
3,3:13.0,la_lakers,A. Davis misses 2-pt jump shot from 14 ft,,74-66,106891
3,3:11.0,golden_state,Defensive rebound by D. Green,,74-66,
3,2:55.0,golden_state,K. Bazemore misses 3-pt jump shot from 25 ft,,74-66,
3,2:52.0,la_lakers,Defensive rebound by A. Davis,,74-66,
3,2:41.0,la_lakers,A. Caruso misses 2-pt layup from 5 ft (block by D. Green),,74-66,
3,2:39.0,golden_state,Defensive rebound by K. Bazemore,,74-66,
3,2:26.0,golden_state,D. Green misses 2-pt layup from 4 ft,,74-66,108301
3,2:25.0,golden_state,Offensive rebound by Team,,74-66,108331
3,2:25.0,golden_state,J. Poole enters the game for K. Bazemore,,74-66,108331
3,2:25.0,golden_state,A. Wiggins enters the game for M. Mulder,,74-66,108331
3,2:25.0,la_lakers,L. James enters the game for K. Caldwell-Pope,,74-66,108331
3,2:22.0,golden_state,Turnover by J. Poole (bad pass; steal by L. James),,74-66,
3,2:17.0,la_lakers,A. Davis makes 2-pt dunk from 2 ft (assist by K. Kuzma),+2,74-68,
3,1:58.0,golden_state,A. Wiggins misses 3-pt jump shot from 23 ft,,74-68,
3,1:55.0,la_lakers,Defensive rebound by A. Davis,,74-68,
3,1:48.0,la_lakers,K. Kuzma makes 2-pt layup from 3 ft (assist by L. James),+2,74-70,
3,1:48.0,golden_state,Golden State full timeout,,74-70,
3,1:31.0,golden_state,A. Wiggins misses 2-pt layup from 5 ft,,74-70,
3,1:27.0,golden_state,Offensive rebound by A. Wiggins,,74-70,
3,1:27.0,golden_state,A. Wiggins makes 2-pt layup at rim,+2,76-70,
3,1:05.0,la_lakers,L. James makes 3-pt jump shot from 24 ft,+3,76-73,
3,0:49.0,golden_state,Turnover by A. Wiggins (lost ball; steal by A. Caruso),,76-73,
3,0:44.0,la_lakers,A. Davis makes 2-pt dunk from 1 ft (assist by K. Kuzma),+2,76-75,
3,0:29.0,golden_state,S. Curry makes 3-pt jump shot from 26 ft (assist by D. Green),+3,79-75,
3,0:13.0,la_lakers,A. Caruso makes 2-pt layup from 1 ft (assist by L. James),+2,79-77,
3,0:01.0,golden_state,D. Green misses 2-pt jump shot from 24 ft,,79-77,
3,0:01.0,golden_state,Offensive rebound by Team,,79-77,
3,0:00.0,golden_state,End of 3rd quarter,,,
4,12:00.0,golden_state,Start of 4th quarter,,,
4,11:45.0,la_lakers,A. Davis makes 2-pt dunk from 1 ft (assist by L. James),+2,79-79,
4,11:31.0,golden_state,M. Mulder misses 3-pt jump shot from 26 ft,,79-79,
4,11:29.0,la_lakers,Defensive rebound by L. James,,79-79,
4,11:08.0,la_lakers,L. James misses 2-pt layup from 3 ft,,79-79,
4,11:08.0,la_lakers,Offensive rebound by Team,,79-79,
4,11:08.0,golden_state,D. Green enters the game for K. Looney,,79-79,
4,11:05.0,la_lakers,K. Kuzma makes 2-pt hook shot from 8 ft (assist by L. James),+2,79-81,
4,10:39.0,golden_state,Turnover by M. Mulder (lost ball; steal by A. Caruso),,79-81,
4,10:23.0,la_lakers,L. James makes 2-pt layup from 4 ft,+2,79-83,
4,10:23.0,golden_state,Golden State full timeout,,79-83,
4,10:23.0,golden_state,S. Curry enters the game for M. Mulder,,79-83,
4,10:06.0,golden_state,A. Wiggins misses 2-pt jump shot from 20 ft,,79-83,
4,10:04.0,la_lakers,Defensive rebound by L. James,,79-83,
4,9:50.0,la_lakers,L. James makes 2-pt layup from 2 ft (assist by W. Matthews),+2,79-85,
4,9:37.0,golden_state,Golden State full timeout,,79-85,
4,9:37.0,golden_state,Instant Replay (Challenge: Ruling Stands),,79-85,
4,9:37.0,golden_state,Shooting foul by L. James (drawn by J. Toscano-Anderson),,79-85,
4,9:37.0,golden_state,J. Toscano-Anderson makes free throw 1 of 2,+1,80-85,
4,9:37.0,golden_state,J. Toscano-Anderson misses free throw 2 of 2,,80-85,
4,9:35.0,la_lakers,Defensive rebound by L. James,,80-85,
4,9:23.0,la_lakers,A. Caruso misses 2-pt layup from 8 ft,,80-85,
4,9:21.0,la_lakers,Offensive rebound by A. Davis,,80-85,
4,9:20.0,la_lakers,A. Davis misses 2-pt layup from 3 ft,,80-85,
4,9:18.0,golden_state,Defensive rebound by J. Toscano-Anderson,,80-85,
4,9:03.0,golden_state,Turnover by D. Green (bad pass; steal by K. Kuzma),,80-85,
4,8:53.0,la_lakers,K. Kuzma misses 2-pt layup from 5 ft,,80-85,
4,8:51.0,golden_state,Defensive rebound by D. Green,,80-85,
4,8:48.0,golden_state,Offensive foul by A. Wiggins (drawn by W. Matthews),,80-85,
4,8:48.0,golden_state,Turnover by A. Wiggins (offensive foul),,80-85,
4,8:48.0,golden_state,M. Mulder enters the game for J. Toscano-Anderson,,80-85,
4,8:48.0,la_lakers,D. Schröder enters the game for A. Caruso,,80-85,
4,8:36.0,la_lakers,A. Davis makes 2-pt jump shot from 20 ft (assist by D. Schröder),+2,80-87,
4,8:25.0,golden_state,S. Curry makes 3-pt jump shot from 26 ft,+3,83-87,
4,7:59.0,la_lakers,K. Kuzma misses 2-pt jump shot from 11 ft,,83-87,
4,7:55.0,golden_state,Defensive rebound by D. Green,,83-87,
4,7:50.0,golden_state,S. Curry makes 2-pt layup from 4 ft,+2,85-87,
4,7:39.0,la_lakers,Personal foul by J. Poole (drawn by W. Matthews),,85-87,
4,7:29.0,la_lakers,A. Davis makes 3-pt jump shot from 26 ft (assist by L. James),+3,85-90,
4,7:17.0,golden_state,Personal foul by D. Schröder (drawn by S. Curry),,85-90,
4,7:09.0,golden_state,S. Curry misses 2-pt layup from 4 ft,,85-90,
4,7:07.0,la_lakers,Defensive rebound by D. Schröder,,85-90,
4,7:04.0,la_lakers,L. James misses 3-pt jump shot from 29 ft,,85-90,
4,7:00.0,golden_state,Defensive rebound by M. Mulder,,85-90,
4,6:56.0,golden_state,J. Poole misses 2-pt dunk from 3 ft,,85-90,
4,6:55.0,golden_state,Offensive rebound by Team,,85-90,
4,6:55.0,la_lakers,K. Caldwell-Pope enters the game for L. James,,85-90,
4,6:53.0,golden_state,A. Wiggins makes 2-pt dunk from 1 ft (assist by J. Poole),+2,87-90,
4,6:29.0,la_lakers,Turnover by D. Schröder (bad pass; steal by D. Green),,87-90,
4,6:24.0,golden_state,A. Wiggins makes 2-pt jump shot from 5 ft (assist by J. Poole),+2,89-90,
4,6:24.0,la_lakers,LA Lakers full timeout,,89-90,
4,6:11.0,la_lakers,W. Matthews misses 3-pt jump shot from 26 ft,,89-90,
4,6:08.0,golden_state,Defensive rebound by S. Curry,,89-90,
4,6:04.0,golden_state,J. Poole misses 3-pt jump shot from 22 ft,,89-90,
4,5:59.0,la_lakers,Defensive rebound by K. Kuzma,,89-90,
4,5:56.0,la_lakers,Shooting foul by A. Wiggins (drawn by D. Schröder),,89-90,
4,5:56.0,la_lakers,D. Schröder makes free throw 1 of 2,+1,89-91,
4,5:56.0,la_lakers,A. Caruso enters the game for W. Matthews,,89-91,
4,5:56.0,la_lakers,D. Schröder misses free throw 2 of 2,,89-91,
4,5:50.0,golden_state,Defensive rebound by M. Mulder,,89-91,
4,5:42.0,golden_state,A. Wiggins makes 2-pt layup from 2 ft (assist by S. Curry),+2,91-91,
4,5:42.0,golden_state,Shooting foul by K. Kuzma (drawn by A. Wiggins),,91-91,
4,5:42.0,golden_state,A. Wiggins misses free throw 1 of 1,,91-91,
4,5:40.0,la_lakers,Defensive rebound by A. Davis,,91-91,
4,5:19.0,la_lakers,D. Schröder misses 3-pt jump shot from 25 ft,,91-91,
4,5:15.0,la_lakers,Offensive rebound by A. Davis,,91-91,
4,5:14.0,la_lakers,A. Davis makes 2-pt layup from 2 ft,+2,91-93,
4,5:03.0,golden_state,S. Curry makes 2-pt layup from 4 ft,+2,93-93,
4,4:50.0,la_lakers,A. Caruso misses 2-pt layup from 3 ft,,93-93,
4,4:47.0,golden_state,Defensive rebound by S. Curry,,93-93,
4,4:43.0,golden_state,Offensive foul by D. Green (drawn by A. Davis),,93-93,
4,4:43.0,golden_state,Turnover by D. Green (offensive foul),,93-93,
4,4:43.0,la_lakers,L. James enters the game for K. Kuzma,,93-93,
4,4:27.0,la_lakers,Turnover by L. James (bad pass; steal by D. Green),,93-93,
4,4:18.0,golden_state,S. Curry misses 2-pt jump shot from 15 ft,,93-93,
4,4:16.0,la_lakers,Defensive rebound by A. Davis,,93-93,
4,4:03.0,la_lakers,D. Schröder makes 2-pt layup from 3 ft,+2,93-95,
4,3:43.0,golden_state,J. Poole makes 3-pt jump shot from 26 ft (assist by D. Green),+3,96-95,
4,3:22.0,la_lakers,D. Schröder misses 2-pt layup from 3 ft,,96-95,
4,3:20.0,golden_state,Defensive rebound by D. Green,,96-95,
4,3:08.0,golden_state,S. Curry makes 2-pt jump shot from 4 ft,+2,98-95,
4,3:08.0,la_lakers,LA Lakers full timeout,,98-95,
4,3:08.0,golden_state,K. Bazemore enters the game for M. Mulder,,98-95,
4,3:08.0,la_lakers,W. Matthews enters the game for D. Schröder,,98-95,
4,2:45.0,la_lakers,L. James misses 2-pt jump shot from 16 ft,,98-95,
4,2:43.0,la_lakers,Offensive rebound by W. Matthews,,98-95,
4,2:41.0,la_lakers,A. Caruso misses 3-pt jump shot from 23 ft,,98-95,
4,2:38.0,golden_state,Defensive rebound by K. Bazemore,,98-95,
4,2:30.0,golden_state,Turnover by S. Curry (out of bounds lost ball),,98-95,
4,2:26.0,la_lakers,Shooting foul by J. Poole (drawn by A. Davis),,98-95,
4,2:26.0,la_lakers,A. Davis makes free throw 1 of 2,+1,98-96,
4,2:26.0,la_lakers,A. Davis makes free throw 2 of 2,+1,98-97,
4,2:15.0,golden_state,S. Curry misses 2-pt jump shot from 11 ft,,98-97,
4,2:11.0,la_lakers,Defensive rebound by A. Davis,,98-97,
4,2:07.0,la_lakers,Shooting foul by D. Green (drawn by L. James),,98-97,
4,2:07.0,la_lakers,Instant Replay (Request: Ruling Stands),,98-97,
4,2:07.0,la_lakers,L. James makes free throw 1 of 2,+1,98-98,
4,2:07.0,la_lakers,L. James misses free throw 2 of 2,,98-98,
4,2:07.0,golden_state,Defensive rebound by Team,,98-98,
4,2:07.0,la_lakers,Loose ball foul by L. James (drawn by J. Poole),,98-98,
4,1:54.0,golden_state,Offensive foul by D. Green (drawn by W. Matthews),,98-98,
4,1:54.0,golden_state,Turnover by D. Green (offensive foul),,98-98,
4,1:31.0,la_lakers,A. Davis makes 2-pt dunk from 1 ft (assist by A. Caruso),+2,98-100,
4,1:23.0,golden_state,Personal foul by A. Davis (drawn by S. Curry),,98-100,
4,1:23.0,golden_state,S. Curry makes free throw 1 of 2,+1,99-100,
4,1:23.0,golden_state,S. Curry makes free throw 2 of 2,+1,100-100,
4,0:58.0,la_lakers,L. James makes 3-pt jump shot from 34 ft (assist by K. Caldwell-Pope),+3,100-103,
4,0:35.0,golden_state,J. Poole misses 3-pt jump shot from 22 ft,,100-103,
4,0:30.0,la_lakers,Defensive rebound by L. James,,100-103,
4,0:14.0,la_lakers,W. Matthews misses 3-pt jump shot from 27 ft,,100-103,
4,0:08.0,la_lakers,Offensive rebound by A. Caruso,,100-103,
4,0:08.0,la_lakers,A. Caruso misses 2-pt layup at rim,,100-103,
4,0:07.0,golden_state,Defensive rebound by D. Green,,100-103,
4,0:02.0,golden_state,Golden State full timeout,,100-103,
4,0:01.0,golden_state,Turnover by K. Bazemore (bad pass; steal by K. Caldwell-Pope),,100-103,
4,0:00.0,golden_state,End of 4th quarter,,,
